"name","val","label_en","label_fr"
"AGE_12","1","15 to 19","15 à 19"
"AGE_12","2","20 to 24","20 à 24"
"AGE_12","3","25 to 29","25 à 29"
"AGE_12","4","30 to 34","30 à 34"
"AGE_12","5","35 to 39","35 à 39"
"AGE_12","6","40 to 44","40 à 44"
"AGE_12","7","45 to 49","45 à 49"
"AGE_12","8","50 to 54","50 à 54"
"AGE_12","9","55 to 59","55 à 59"
"AGE_12","10","60 to 64","60 à 64"
"AGE_12","11","65 to 69","65 à 69"
"AGE_12","12","70 or more","70 et plus"
"AGE_6","1","15 to 16","15 à 16"
"AGE_6","2","17 to 19","17 à 19"
"AGE_6","3","20 to 21","20 à 21"
"AGE_6","4","22 to 24","22 à 24"
"AGE_6","5","25 to 26","25 à 26"
"AGE_6","6","27 to 29","27 à 29"
"AGYOWNKN","1","Youngest child less than 3","Plus jeune enfant moins de 3 ans"
"AGYOWNKN","2","Youngest child 3 to 5","Plus jeune enfant 3 à 5 ans"
"AGYOWNKN","3","Youngest child 6 to 12","Plus jeune enfant 6 à 12 ans"
"AGYOWNKN","4","Youngest child 13 to 15","Plus jeune enfant 13 à 15 ans"
"AGYOWNKN","5","Youngest child 16 to 17","Plus jeune enfant 16 à 17 ans"
"AGYOWNKN","6","Youngest child 18 to 24","Plus jeune enfant 18 à 24 ans"
"AVAILABL","1","Not available","Non disponible"
"AVAILABL","2","Yes, available","Oui, disponible"
"CMA","1","Montreal","Montréal"
"CMA","2","Toronto","Toronto"
"CMA","3","Vancouver","Vancouver"
"CMA","4","Other Census Metropolitan Area or non-Census Metropolitan Area","Autres régions métropolitaines de recensement ou non-régions métropolitaines de recensement"
"COWMAIN","1","Public employee","Employés du secteur public"
"COWMAIN","2","Private employee","Employés du secteur privé"
"COWMAIN","3","Private, self-employed incorporated with employees","Secteur privé, travailleurs indépendants, entreprise constituée en société, avec travailleurs"
"COWMAIN","4","Private, self-employed incorporated, no employees","Secteur privé, travailleurs indépendants, entreprise constituée en société, sans travailleurs"
"COWMAIN","5","Private, self-employed unincorporated with employees","Secteur privé, travailleurs indépendants, entreprise non constituée en société, avec travailleurs"
"COWMAIN","6","Private, self-employed unincorporated, no employees","Secteur privé, travailleurs indépendants, entreprise non constituée en société, sans travailleurs"
"COWMAIN","7","Private, unpaid family worker","Secteur privé, travailleurs familiaux non rémunérés"
"ED76TO89","0","0 to 8 years","0 à 8 ans"
"ED76TO89","1","9 to 10 years schooling","9 à 10 ans"
"ED76TO89","2","11 to 13 years schooling","11 à 13 ans"
"ED76TO89","3","Some post-secondary","Études postsecondaires partielles"
"ED76TO89","4","Post-secondary certificate or diploma","Certificat ou diplôme d'études postsecondaires"
"ED76TO89","5","University degree","Grade universitaire"
"EDUC90","0","0 to 8 years","0 à 8 ans"
"EDUC90","1","Some secondary","Études secondaires partielles"
"EDUC90","2","Grade 11 to 13 graduation","11 à 13 ans, diplôme d'études secondaires"
"EDUC90","3","Some post-secondary","Études postsecondaires partielles"
"EDUC90","4","Post-secondary certificate or diploma","Certificat ou diplôme d'études postsecondaires"
"EDUC90","5","University: bachelor's degree","Université : baccalauréat"
"EDUC90","6","University: graduate degree","Université : diplôme de 2e cycle"
"EFAMTYPE","1","Unattached individual","Personnes non apparentées"
"EFAMTYPE","2","Husband-wife dual earner couple, no children less than 25","Familles époux-épouse, deux revenus, pas d'enfants moins de 25"
"EFAMTYPE","3","Husband-wife dual earner couple, youngest child less than 18","Familles époux-épouse, deux revenus, plus jeune enfant moins de 18"
"EFAMTYPE","4","Husband-wife dual earner couple, youngest child 18 to 24","Familles époux-épouse, deux revenus, plus jeune enfant 18 à 24"
"EFAMTYPE","5","Husband-wife single earner couple, husband employed, no children less than 25","Familles époux-épouse, un revenu, époux occupé, pas d'enfants moins de 25"
"EFAMTYPE","6","Husband-wife single earner couple, husband employed, youngest child less than 18","Familles époux-épouse, un revenu, époux occupé, plus jeune enfant moins de 18"
"EFAMTYPE","7","Husband-wife single earner couple, husband employed, youngest child 18 to 24","Familles époux-épouse, un revenu, époux occupé, plus jeune enfant 10 à 24"
"EFAMTYPE","8","Husband-wife single earner couple, wife employed, no children less than 25","Familles époux-épouse, un revenu, épouse occupée, pas d'enfants moins de 25"
"EFAMTYPE","9","Husband-wife single earner couple, wife employed, youngest child less than 18","Familles époux-épouse, un revenu, épouse occupée, plus jeune enfant moins de 18"
"EFAMTYPE","10","Husband-wife single earner couple, wife employed, youngest child 18 to 24","Familles époux-épouse, un revenu, épouse occupée, plus jeune enfant 18 à 24"
"EFAMTYPE","11","Husband-wife non-earner couple, no children less than 25","Familles époux-épouse, aucun revenu, pas d'enfants moins de 25"
"EFAMTYPE","12","Husband-wife non-earner couple, youngest child less than 18","Familles époux-épouse, aucun revenu, plus jeune enfant moins de 18"
"EFAMTYPE","13","Husband-wife non-earner couple, youngest child 18 to 24","Familles époux-épouse, aucun revenu, plus jeune enfant 18 à 24"
"EFAMTYPE","14","Single-parent family, parent employed, youngest child less than 18","Familles monoparentales, parent occupé, plus jeune enfant moins de 18"
"EFAMTYPE","15","Single-parent family, parent employed, youngest child 18 to 24","Familles monoparentales, parent occupé, plus jeune enfant 18 à 24"
"EFAMTYPE","16","Single-parent family, parent not employed, youngest child less than 18","Familles monoparentales, parent non occupé, plus jeune enfant moins de 18"
"EFAMTYPE","17","Single-parent family, parent not employed, youngest child 18 to 24","Familles monoparentales, parent non occupé, plus jeune enfant 18 à 24"
"EFAMTYPE","18","Other family types","Autres genres de familles"
"ESTSIZE","1","Less than 20","Moins de 20"
"ESTSIZE","2","20 to 99","Entre 20 et 99"
"ESTSIZE","3","100 to 500","Entre 100 et 500"
"ESTSIZE","4","More than 500","Plus de 500"
"EVERWORK","1","Yes, within last year","Oui, au cours de la dernière année"
"EVERWORK","2","Yes, more than 1 year ago","Oui, il y a plus d'un emploi"
"EVERWORK","3","No, never worked","Non, n'ont jamais travaillé"
"FIRMSIZE","1","Less than 20","Moins de 20"
"FIRMSIZE","2","20 to 99","Entre 20 et 99"
"FIRMSIZE","3","100 to 500","Entre 100 et 500"
"FIRMSIZE","4","More than 500","Plus de 500"
"FLOWUNEM","1","Job losers, temporary layoffs","Ont perdu leur emploi, mises à pied temporaires"
"FLOWUNEM","2","Job losers, permanent","Ont perdu leur emploi de façon permanente"
"FLOWUNEM","3","Job leavers","Ont quitté leur emploi"
"FLOWUNEM","4","Job leavers and losers (status unknown), worked more than 1 year ago","Ont perdu/quitté leur emploi (statut inconnu), ont travaillé il y a plus d’un an"
"FLOWUNEM","5","New entrants","Nouveaux entrants"
"FLOWUNEM","6","Re-entrants - Worked 1 year ago or less","Rentrants - Ont travaillé il y a un an ou moins"
"FLOWUNEM","7","Re-entrants - Worked more than 1 year ago","Rentrants - Ont travaillé il y a plus d'un an"
"FLOWUNEM","8","Future starts","Emploi devant commencer prochainement"
"FTPTLAST","1","Full-time (30 hours or more)","Temps plein (30 heures et plus)"
"FTPTLAST","2","Part-time (1 to 29 hours)","Temps partiel (1 à 29 heures)"
"FTPTMAIN","1","Full-time","Temps plein"
"FTPTMAIN","2","Part-time","Temps partiel"
"LFSSTAT","1","Employed, at work","Personnes occupées, au travail"
"LFSSTAT","2","Employed, absent from work","Personnes occupées, absentes du travaille"
"LFSSTAT","3","Unemployed, temporary layoff","Chômeurs, mise à pied temporaire"
"LFSSTAT","4","Unemployed, job searcher","Chômeurs, à la recherche d'un emploi"
"LFSSTAT","5","Unemployed, future start","Chômeurs, emploi devant commencer à une date future"
"LFSSTAT","6","Not in labour force","Inactifs"
"LKANSADS","1","Yes","Oui"
"LKATADS","1","Yes","Oui"
"LKEMPLOY","1","Yes","Oui"
"LKOTHER","1","Yes","Oui"
"LKPUBAG","1","Yes","Oui"
"LKRELS","1","Yes","Oui"
"MARSTAT","1","Married","Mariés"
"MARSTAT","2","Living in common-law","Vivant en union libre"
"MARSTAT","3","Widowed","Veufs ou veuves"
"MARSTAT","4","Separated","Séparés"
"MARSTAT","5","Divorced","Divorcés"
"MARSTAT","6","Single, never married","Célibataires, n'ont jamais été mariés"
"MJH","1","Single job holder, including job changers","Un seul emploi, incluant ceux ayant changé d'emploi"
"MJH","2","Multiple job holder","Cumul d'emploi"
"NAICS_18","1","Agriculture","Agriculture"
"NAICS_18","2","Forestry, Fishing, Mining, Oil and Gas","Foresterie, pêche, mines et extraction de pétrole et de gaz"
"NAICS_18","3","Utilities","Services publics"
"NAICS_18","4","Construction","Construction"
"NAICS_18","5","Manufacture - Durables","Fabrication de biens durables"
"NAICS_18","6","Manufacture - Non-Durables","Fabrication de biens non durables"
"NAICS_18","7","Wholesale Trade","Commerce de gros"
"NAICS_18","8","Retail Trade","Commerce de détail"
"NAICS_18","9","Transport and Warehousing","Transport et entreposage"
"NAICS_18","10","Finance, Insurance, Real Estate and Leasing","Finance, assurances, immobilier et location"
"NAICS_18","11","Professional, Scientific and Technical Services","Services professionnels, scientifiques et techniques"
"NAICS_18","12","Management, Administrative and Other Support","Gestion d'entreprises, services administratifs et autres services de soutien"
"NAICS_18","13","Educational Services","Services d'enseignement"
"NAICS_18","14","Health Care and Social Assistance","Soins de santé et assistance sociale"
"NAICS_18","15","Information, Culture and Recreation","Information, culture et loisirs"
"NAICS_18","16","Accommodation and Food Services","Hébergement et services de restauration"
"NAICS_18","17","Other Services","Autres services"
"NAICS_18","18","Public Administration","Administrations publiques"
"NAICS_43","1","Agriculture","Agriculture"
"NAICS_43","2","Forestry and Logging with support activities","Foresterie et exploitation forestière"
"NAICS_43","3","Fishing, Hunting and Trapping","Pêche, chasse et piégeage"
"NAICS_43","4","Mining and Oil and Gas Extraction","Extraction minière et extraction de pétrole et de gaz"
"NAICS_43","5","Utilities","Services publics"
"NAICS_43","6","Prime Contracting","Entrepreneurs principaux"
"NAICS_43","7","Trade Contracting","Entrepreneurs spécialisés"
"NAICS_43","8","Food, Beverage and Tobacco Product Manufacturing","Fabrication d'aliments, de boissons et de produits du tabac"
"NAICS_43","9","Textile Mills and Textile Product Mills","Usines de textiles et de produits textiles"
"NAICS_43","10","Clothing Manufacturing, Leather and Allied Product Manufacturing","Fabrication de vêtements, de produits en cuir et de produits analogues"
"NAICS_43","11","Wood Product Manufacturing","Fabrication de produits en bois"
"NAICS_43","12","Paper Manufacturing","Fabrication du papier"
"NAICS_43","13","Printing and Related Support Activities","Impression et activités connexes de soutien"
"NAICS_43","14","Petroleum and Coal Products Manufacturing","Fabrication de produits du pétrole et du charbon"
"NAICS_43","15","Chemical Manufacturing","Fabrication de produits chimiques"
"NAICS_43","16","Plastics and Rubber Products Manufacturing","Fabrication de produits en caoutchouc et en plastique"
"NAICS_43","17","Non-Metallic Mineral Product Manufacturing","Fabrication de produits minéraux non métalliques"
"NAICS_43","18","Primary Metal Manufacturing","Première transformation des métaux"
"NAICS_43","19","Fabricated Metal Product Manufacturing","Fabrication de produits métalliques"
"NAICS_43","20","Machinery Manufacturing","Fabrication de machines"
"NAICS_43","21","Computer and Electronic Product Manufacturing","Fabrication de produits informatiques et électroniques"
"NAICS_43","22","Electrical Equipment, Appliance and Component Manufacturing","Fabrication de matériel, d'appareils et de composants électriques"
"NAICS_43","23","Transportation Equipment Manufacturing","Fabrication de matériel de transport"
"NAICS_43","24","Furniture and Related Product Manufacturing","Fabrication de meubles et de produits connexes"
"NAICS_43","25","Miscellaneous Manufacturing","Activités diverses de fabrication"
"NAICS_43","26","Wholesale Trade","Commerce de gros"
"NAICS_43","27","Retail Trade","Commerce de détail"
"NAICS_43","28","Transportation","Transport"
"NAICS_43","29","Warehousing and Storage","Entreposage"
"NAICS_43","30","Finance","Finance"
"NAICS_43","31","Insurance Carriers, Related Activities, Funds and Other Financial Vehicles","Sociétés d'assurance, fonds et autres instruments financiers"
"NAICS_43","32","Real Estate","Services immobiliers"
"NAICS_43","33","Rental and Leasing Services, Owners and Lessors of Other Non-Financial Assets","Services de location et de location à bail et propriétaires et bailleurs d'autres actifs non financiers"
"NAICS_43","34","Professional, Scientific and Technical Services","Services professionnels, scientifiques et techniques"
"NAICS_43","35","Management, Administrative and Other Support","Gestion d'entreprises, services administratifs et autres services de soutien"
"NAICS_43","36","Educational Services","Services d'enseignement"
"NAICS_43","37","Health Care and Social Assistance","Soins de santé et assistance sociale"
"NAICS_43","38","Information, Culture and Recreation","Information, culture et loisirs"
"NAICS_43","39","Accommodation and Food Services","Hébergement et services de restauration"
"NAICS_43","40","Other Services","Autres services"
"NAICS_43","41","Federal Government Public Administration (including Defence Services)","Administration fédérale (incluant la défense)"
"NAICS_43","42","Provincial and Territorial Public Administration","Administrations publiques provinciales et territoriales"
"NAICS_43","43","Local, Municipal and Regional Public Administration and Aboriginal, Inter and Other Extra-Territorial Public Admin","Administrations publiques locales, municipales et régionales, administrations publiques autochtones, organismes publics internationaux et extra-territoriaux"
"NOC01_25","1","Senior Management Occupations","Cadres supérieurs"
"NOC01_25","2","Other Management Occupations","Autres cadres"
"NOC01_25","3","Professional Occupations in Business and Finance","Personnel professionnel en gestion des affaires et en finance"
"NOC01_25","4","Financial, Secretarial and Administrative Occupations","Personnel en finance, en secrétariat et en administration"
"NOC01_25","5","Clerical Occupations, Including Supervisors","Personnel de bureau et personnel de supervision du travail de bureau"
"NOC01_25","6","Natural and Applied Sciences and Related Occupations","Sciences naturelles et appliquées et professions apparentées"
"NOC01_25","7","Professional Occupations in Health, Nurse Supervisors and Registered Nurses","Personnel professionnel des soins de santé et professionnels en sciences infirmières"
"NOC01_25","8","Technical, Assisting and Related Occupations in Health","Personnel technique et de soutien et personnel assimilé du secteur de la santé"
"NOC01_25","9","Occupations in Social Science, Government Service and Religion","Sciences sociales, administration publique et religion"
"NOC01_25","10","Teachers and Professors","Enseignants"
"NOC01_25","11","Occupations in Art, Culture, Recreation and Sport","Arts, culture, sports et loisirs"
"NOC01_25","12","Wholesale, Technical, Insurance, Real Estate Sales Specialists, and Retail, Wholesale and Grain Buyers","Personnel de la vente en gros technique et non technique, de l'assurance et de l'immobilier, des achats en gros et au détail et des achats de grains"
"NOC01_25","13","Retail Salespersons, Sales Clerks, Cashiers, Including Retail Trade Supervisors","Personnel de supervision, vendeurs, commis-vendeurs et caissiers des produits au détail"
"NOC01_25","14","Chefs and Cooks, and Occupations in Food and Beverage Service, Including Supervisors","Chefs et cuisiniers, personnel de supervision et autre personnel des services des aliments et boissons"
"NOC01_25","15","Occupation in Protective Services","Personnel des services de protection"
"NOC01_25","16","Childcare and Home Support Workers","Personnel de soutien familial et de garderie"
"NOC01_25","17","Sales and Service Occupations N.E.C., Including Occupations in Travel and Accommodation, Attendants in Recreation and Sport as well as Supervisors","Personnel de supervision des services, pers. de l'hébergement et des voyages, préposés dans les sports et les loisirs et personnel de la vente et des services"
"NOC01_25","18","Contractors and Supervisors in Trades and Transportation","Entrepreneurs et contremaîtres du personnel des métiers et des transports"
"NOC01_25","19","Construction Trades","Personnel des métiers de la construction"
"NOC01_25","20","Other Trades Occupations","Autres métiers"
"NOC01_25","21","Transport and Equipment Operators","Transport et conducteurs d'équipement lourd"
"NOC01_25","22","Trades Helpers, Construction, and Transportation Labourers and Related Occupations","Aides de soutien des métiers, manoeuvres en construction et de transport et personnel assimilé"
"NOC01_25","23","Occupations Unique to Primary Industry","Professions propres au secteur primaire"
"NOC01_25","24","Machine Operators and Assemblers in Manufacturing, Including Supervisors","Surveillants, conducteurs de machines et monteurs dans la fabrication"
"NOC01_25","25","Labourer in Processing, Manufacturing and Utilities","Manoeuvres dans la fabrication et les services d'utilité publique"
"NOC01_47","1","Senior Management Occupations","Cadres supérieurs"
"NOC01_47","2","Specialist Managers","Directeurs spécialistes"
"NOC01_47","3","Managers in Retail Trade, Food and Accommodation Services","Directeurs de la vente au détail, de la restauration et des services d'hébergement"
"NOC01_47","4","Other Managers N.E.C.","Autres directeurs n.c.a."
"NOC01_47","5","Professional Occupations in Business and Finance","Personnel professionnel en gestion des affaires et en finance"
"NOC01_47","6","Finance and Insurance Administrative Occupations","Personnel d'administration des finances et des assurances"
"NOC01_47","7","Secretaries","Secrétaires"
"NOC01_47","8","Administrative and Regulatory Occupations","Personnel administratif et de réglementation"
"NOC01_47","9","Clerical Supervisors","Personnel de supervision du travail de bureau"
"NOC01_47","10","Clerical Occupations","Personnel de bureau"
"NOC01_47","11","Professional Occupations in Natural and Applied Sciences","Personnel professionnel des sciences naturelles et appliquées et personnel assimilé"
"NOC01_47","12","Technical Occupations Related to Natural and Applied Sciences","Personnel technique relié aux sciences naturelles et appliquées"
"NOC01_47","13","Professional Occupations in Health","Personnel professionnel des soins de santé"
"NOC01_47","14","Nurse Supervisors and Registered Nurses","Professionnels en sciences infirmières"
"NOC01_47","15","Technical and Related Occupations in Health","Personnel technique et personnel assimilé du secteur de la santé"
"NOC01_47","16","Assisting Occupations in Support of Health Services","Personnel de soutien des services de santé"
"NOC01_47","17","Judges, Lawyers, Psychologists, Social Workers, Ministers of Religion, and Policy and Program Officers","Juges, avocats, psychologues, travailleurs sociaux, ministres du culte et agents des politiques et des programmes"
"NOC01_47","18","Teachers and Professors","Enseignants"
"NOC01_47","19","Paralegals, Social Services Workers and Occupations in Education and Religion, N.E.C.","Personnel paraprofessionnel du droit, des services sociaux, de l'enseignement et de la religion, n.c.a."
"NOC01_47","20","Professional Occupations in Art and Culture","Personnel professionnel des arts et de la culture"
"NOC01_47","21","Technical Occupations in Art, Culture, Recreation and Sport","Personnel technique des arts, de la culture, des sports et des loisirs"
"NOC01_47","22","Sales and Service Supervisors","Personnel de supervision des ventes et des services"
"NOC01_47","23","Wholesale, Technical, Insurance, Real Estate Sales Specialists, and Retail, Wholesale and Grain Buyers","Personnel de la vente en gros technique et non technique, de l'assurance et de l'immobilier, des achats en gros et au détail et des achats de grains"
"NOC01_47","24","Retail Salespersons and Sales Clerks","Vendeurs et commis-vendeurs"
"NOC01_47","25","Cashiers","Caissiers"
"NOC01_47","26","Chefs and Cooks","Chefs et cuisiniers"
"NOC01_47","27","Occupations in Food and Beverage Service","Personnel des services des aliments et boissons"
"NOC01_47","28","Occupations in Protective Services","Personnel des services de protection"
"NOC01_47","29","Occupations in Travel and Accommodation Including Attendants in Recreation and Sport","Personnel de l'hébergement et des voyages et préposés dans les sports et les loisirs"
"NOC01_47","30","Childcare and Home Support Workers","Personnel de soutien familial et de garderie"
"NOC01_47","31","Sales and Service Occupations N.E.C.","Personnel de la vente et des services n.c.a."
"NOC01_47","32","Contractors and Supervisors in Trades and Transportation","Entrepreneurs et contremaîtres du personnel des métiers et des transports"
"NOC01_47","33","Construction Trades","Personnel des métiers de la construction"
"NOC01_47","34","Stationary Engineers, Power Station Operators and Electrical Trades and Telecommunications Occupations","Mécaniciens de machines fixes, opérateurs de réseaux électriques et électriciens et monteurs de télécommunications"
"NOC01_47","35","Machinists, Metal Forming, Shaping and Erecting Occupations","Machinistes, personnel du formage, profilage et montage du métal"
"NOC01_47","36","Mechanics","Mécaniciens"
"NOC01_47","37","Other Trades N.E.C.","Autres métiers n.c.a."
"NOC01_47","38","Heavy Equipment and Crane Operators Including Drillers","Conducteurs d'équipement lourd et grutiers et foreurs"
"NOC01_47","39","Transportation Equipment Operators and Related Workers, Excluding Labourers","Conducteurs de matériel de transport et personnel assimilé, sauf les manoeuvres"
"NOC01_47","40","Trades Helpers, Construction, and Transportation Labourers and Related Occupations","Aides de soutien des métiers, manoeuvres en construction et de transport et personnel assimilé"
"NOC01_47","41","Occupations Unique to Agriculture Excluding Labourers","Professions propres à l'agriculture sauf les manoeuvres"
"NOC01_47","42","Occupations Unique to Forestry Operations, Mining, Oil and Gas Extraction, and Fishing, Excluding Labourers","Professions propres à l'exploitation forestière, minière, pétrolière et gazéifère et à la pêche, sauf les manoeuvres"
"NOC01_47","43","Primary Production Labourers","Personnel élémentaire de la production primaire"
"NOC01_47","44","Supervisors in Manufacturing","Surveillants dans la fabrication"
"NOC01_47","45","Machine Operators in Manufacturing","Conducteurs de machines dans la fabrication"
"NOC01_47","46","Assemblers in Manufacturing","Monteurs dans la fabrication"
"NOC01_47","47","Labourers in Processing, Manufacturing and Utilities","Manoeuvres dans la fabrication et les services d'utilité publique"
"PAYAWAY","1","Yes","Oui"
"PAYAWAY","2","No","Non"
"PERMTEMP","1","Permanent","Permanent"
"PERMTEMP","2","Not permanent, seasonal","Non permanent, saisonnier"
"PERMTEMP","3","Not permanent, temporary, term or contract (including temporary help agency)","Non permanent, temporaire, d'une durée déterminée ou à contrat"
"PERMTEMP","4","Not permanent, casual or other","Non permanent, occasionnel ou autre"
"PRIORACT","0","Other","Autre"
"PRIORACT","1","Working","Travaillaient"
"PRIORACT","2","Managing a home","Tenaient maison"
"PRIORACT","3","Going to school","Allaient à l'école"
"PROV","10","Newfoundland","Terre-Neuve"
"PROV","11","Prince Edward Island","Île-du-Prince-Édouard"
"PROV","12","Nova Scotia","Nouvelle-Écosse"
"PROV","13","New Brunswick","Nouveau Brunswick"
"PROV","24","Québec","Québec"
"PROV","35","Ontario","Ontario"
"PROV","46","Manitoba","Manitoba"
"PROV","47","Saskatchewan","Saskatchewan"
"PROV","48","Alberta","Alberta"
"PROV","59","British Columbia","Colombie-Britannique"
"RELREFN","1","Self (reference person)","Personne elle-même (personne de référence)"
"RELREFN","2","Spouse","Conjoint(e)"
"RELREFN","3","Son or daughter","Fils ou fille"
"RELREFN","4","Parent or parent in law","Parent (ou parent du (de la) conjoint(e))"
"RELREFN","5","Son or daughter in law","Gendre ou bru"
"RELREFN","6","Other relative","Autre parent"
"SCH1624","1","At least one child aged 16 to 24 in school","Au moins un enfant de 16 à 24 ans à l'école"
"SCHOOLN","1","Non-student","Non-étudiants"
"SCHOOLN","2","Primary or secondary school full-time","École primaire ou secondaire, plein temps"
"SCHOOLN","3","Primary or secondary school part-time","École primaire ou secondaire, temps partiel"
"SCHOOLN","4","University full-time","Université, temps plein"
"SCHOOLN","5","University part-time","Université, temps partiel"
"SCHOOLN","6","Community college or CEGEP full-time","Collège communautaire ou CEGEP, plein temps"
"SCHOOLN","7","Community college or CEGEP part-time","Collège communautaire ou CEGEP, temps partiel"
"SCHOOLN","8","Other full-time","Autre, plein temps"
"SCHOOLN","9","Other part-time","Autre, temps partiel"
"SEX","1","Male","Hommes"
"SEX","2","Female","Femmes"
"SOC80_21","1","Managerial and Administrative","Direction et administration"
"SOC80_21","2","Natural Sciences, Engineering and Math","Sciences naturelles, génie et mathématiques"
"SOC80_21","3","Social Science and Related","Sciences sociales et domaines connexes"
"SOC80_21","4","Religion","Clergé"
"SOC80_21","5","Teaching and Related","Enseignement et domaines connexes"
"SOC80_21","6","Medicine and Health","Médecine et soins de santé"
"SOC80_21","7","Artistic, literary, Recreational and Related","Arts, littérature, loisirs et domaines connexes"
"SOC80_21","8","Clerical and Related","Travail de bureau et domaines connexes"
"SOC80_21","9","Sales","Ventes"
"SOC80_21","10","Service","Services"
"SOC80_21","11","Farming, Horticultural and Husbandry","Agriculture, horticulture et élevage"
"SOC80_21","12","Fishing, Trapping and Related","Pêche, piégeage et domaines connexes"
"SOC80_21","13","Forestry and Logging","Travail forestier et abattage"
"SOC80_21","14","Mining, Quarrying, Including Oil and Gas","Mines, carrières et forage, incluant pétrole et gaz"
"SOC80_21","15","Processing","Transformation"
"SOC80_21","16","Machining","Usinage"
"SOC80_21","17","Fabricating","Fabrication"
"SOC80_21","18","Construction","Construction"
"SOC80_21","19","Transport Equipment Operating","Exploitation des transports"
"SOC80_21","20","Material Handling","Manutention"
"SOC80_21","21","Other Crafts","Autres métiers"
"SOC80_21","22","Never Worked, Disabled or Worked more than 1 year ago","N'ont jamais travaillé, ont une incapacité permanente ou ont travaillé il y a plus d'un an"
"SOC80_49","1","Officials and Administrative, Government","Administrateurs et cadres supérieurs propres au gouvernement"
"SOC80_49","2","Other Managers Administration","Autres directeurs et administrateurs"
"SOC80_49","3","Management Administration Related","Cadres administratifs et travailleurs assimilés"
"SOC80_49","4","Physical and Life Science","Sciences physique, biologiques et agronomiques"
"SOC80_49","5","Math, Statistics, Systems Analysis and Related","Mathématiques, statistique, analyse des systèmes et domaines connexes"
"SOC80_49","6","Architects and Engineers","Architectes et ingénieurs"
"SOC80_49","7","Architecture and Engineering Related","Autres travailleurs en architecture et en génie"
"SOC80_49","8","Social Sciences and Related","Sciences sociales et domaines connexes"
"SOC80_49","9","Religion","Membres du clergé et assimilés"
"SOC80_49","10","University and Related","Professeurs d'université et personnel assimilé"
"SOC80_49","11","Elementary and Secondary and Related","Enseignants d'école primaire et secondaire et personnel assimilé"
"SOC80_49","12","Other Teaching and Related","Autres enseignants et personnel assimilé"
"SOC80_49","13","Health Diagnosing and Treating","Diagnostic et traitement des maladies"
"SOC80_49","14","Nursing, Therapy and Related","Soins infirmiers et thérapeutiques services connexes"
"SOC80_49","15","Medicine and Health Related","Autres travailleurs en médecine et en santé"
"SOC80_49","16","Artistic and Recreation","Arts et loisirs"
"SOC80_49","17","Stenographic and Typing","Sténographes et dactylographes"
"SOC80_49","18","Bookkeeping, Account-Recording and Related","Teneurs de livre, commis en comptabilité et travail assimilé"
"SOC80_49","19","Office Machine and EDP Operator","Opérateurs sur machines de bureau et mécanographie"
"SOC80_49","20","Material Recording, Scheduling and Distribution","Magasiniers, ordonnanciers et distributeurs"
"SOC80_49","21","Reception, Information, Mail and Message","Réceptionnistes, hôtesses d'accueil, facteurs et messagers"
"SOC80_49","22","Library, File, Correspondence, Other Clerical and Related","Employés de bibliothèque, classeurs-archivistes, correspondanciers et travail assimilé"
"SOC80_49","23","Sales and Commodities","Vente de marchandises"
"SOC80_49","24","Sales, Services and Other Sales","Vente de services et autres"
"SOC80_49","25","Protective Services","Services de protection"
"SOC80_49","26","Food and Beverage Preparations, Lodging and Accommodations","Préparation des aliments et boissons, services de logement et secteurs connexes"
"SOC80_49","27","Personal, Apparel and Furnishing","Entretien des vêtements et des tissus d'ameublement"
"SOC80_49","28","Other Service Occupations","Autres travailleurs spécialisés dans les services"
"SOC80_49","29","Farmers and Farm Management","Exploitants agricoles"
"SOC80_49","30","Other Farming, Horticulture and Husbandry","Autres travailleurs en agriculture, horticulture et élevage"
"SOC80_49","31","Fishing, Hunting, Trapping and Related","Pêche, chasse, piégeage et domaines connexes"
"SOC80_49","32","Forestry and Logging","Exploitation forestière"
"SOC80_49","33","Mining and Quarrying, Including Gas and Oil Fields","Mineurs, carriers, foreurs de puits de pétrole et de gaz"
"SOC80_49","34","Food, Beverage Processing and Related","Travailleurs de l'industrie des aliments et boissons et travail assimilé"
"SOC80_49","35","Other Processing Occupations","Autres travailleurs des industries de transformation"
"SOC80_49","36","Metal Shaping and Forming","Façonneurs et formeurs de métal"
"SOC80_49","37","Other Machining Occupations","Autres usineurs et travailleurs domaines connexes"
"SOC80_49","38","Metal Production, N.E.C.","Produits métalliques, n.c.a."
"SOC80_49","39","Electrical, Electronic and Related Equipment","Appareils électriques, électroniques"
"SOC80_49","40","Textiles, Furs and Leather Goods","Produits en textile, en fourrure et en cuir"
"SOC80_49","41","Wood Products, Rubber, Plastics and Related","Produits en bois, articles de caoutchouc et de plastique et autres produits de fabrication"
"SOC80_49","42","Mechanics and Repairmen","Mécaniciens et réparateurs"
"SOC80_49","43","Excavating, Grading, Paving and Related","Excavateurs, niveleurs, paveurs et travailleurs domaines connexes"
"SOC80_49","44","Electrical Power, Lighting and Wire Communication","Matériel électrique, d'éclairage et de communications par fil"
"SOC80_49","45","Other Construction Trades","Autres travailleurs du bâtiments"
"SOC80_49","46","Motor Transport Operators","Personnel d'exploitation des transports motorisés"
"SOC80_49","47","Other Transportation Operators","Autre personnel d'exploitation des transports"
"SOC80_49","48","Material Handling","Manutentionnaires"
"SOC80_49","49","Other Crafts and Equipment Operators, and N.E.C.","Autres ouvriers qualifiés et conducteurs de machines et n.c.a."
"SP_AGE","1","15 to 19","15 à 19"
"SP_AGE","2","20 to 24","20 à 24"
"SP_AGE","3","25 to 34","25 à 34"
"SP_AGE","4","35 to 44","35 à 44"
"SP_AGE","5","45 to 54","45 à 54"
"SP_AGE","6","55 to 64","55 à 64"
"SP_AGE","7","65 or more","65 et plus"
"SP_COWM","0","Spouse present, not applicable","Conjoint(e) au domicile, ne s'applique pas"
"SP_COWM","1","Public employee","Employé(e) du secteur public"
"SP_COWM","2","Private employee","Employé(e) du secteur privé"
"SP_COWM","3","Private, self-employed incorporated, with employees","Secteur privé, travailleur indépendant(e), entreprise constituée en société, avec employés"
"SP_COWM","4","Private, self-employed incorporated, no employees","Secteur privé, travailleur indépendant(e), entreprise constituée en société, sans employés"
"SP_COWM","5","Private, self-employed unincorporated with employees","Secteur privé, travailleur indépendant(e), entreprise non constituée en société, avec employés"
"SP_COWM","6","Private, self-employed unincorporated, no employees","Secteur privé, travailleur indépendant(e), entreprise non constituée en société, sans employés"
"SP_COWM","7","Private unpaid family worker","Secteur privé, travailleur familial(e) non rémunéré(e)"
"SP_LFSST","1","Employed full-time","Personnes occupées à temps plein"
"SP_LFSST","2","Employed part-time","Personnes occupées à temps partiel"
"SP_LFSST","3","Unemployed","Chômeurs"
"SP_LFSST","4","Not in labour force","Inactifs"
"SP_LFSST","5","Out of scope (military)","Hors du champ d'enquête (militaires)"
"SP_NOC01","1","Senior Management Occupations","Cadres supérieurs"
"SP_NOC01","2","Other Management Occupations","Autres cadres"
"SP_NOC01","3","Professional Occupations in Business and Finance","Personnel professionnel en gestion des affaires et en finance"
"SP_NOC01","4","Financial, Secretarial and Administrative Occupations","Personnel en finance, en secrétariat et en administration"
"SP_NOC01","5","Clerical Occupations, Including Supervisors","Personnel de bureau et personnel de supervision du travail de bureau"
"SP_NOC01","6","Natural and Applied Sciences and Related Occupations","Sciences naturelles et appliquées et professions apparentées"
"SP_NOC01","7","Professional Occupations in Health, Nurse Supervisors and Registered Nurses","Personnel professionnel des soins de santé et professionnels en sciences infirmières"
"SP_NOC01","8","Technical, Assisting and Related Occupations in Health","Personnel technique et de soutien et personnel assimilé du secteur de la santé"
"SP_NOC01","9","Occupations in Social Science, Government Service and Religion","Sciences sociales, administration publique et religion"
"SP_NOC01","10","Teachers and Professors","Enseignants"
"SP_NOC01","11","Occupations in Art, Culture, Recreation and Sport","Arts, culture, sports et loisirs"
"SP_NOC01","12","Wholesale, Technical, Insurance, Real Estate Sales Specialists, and Retail, Wholesale and Grain Buyers","Personnel de la vente en gros technique et non technique, de l'assurance et de l'immobilier, des achats en gros et au détail et des achats de grains"
"SP_NOC01","13","Retail Salespersons, Sales Clerks, Cashiers, Including Retail Trade Supervisors","Personnel de supervision, vendeurs, commis-vendeurs et caissiers des produits au détail"
"SP_NOC01","14","Chefs and Cooks, and Occupations in Food and Beverage Service, Including Supervisors","Chefs et cuisiniers, personnel de supervision et autre personnel des services des aliments et boissons"
"SP_NOC01","15","Occupation in Protective Services","Personnel des services de protection"
"SP_NOC01","16","Childcare and Home Support Workers","Personnel de soutien familial et de garderie"
"SP_NOC01","17","Sales and Service Occupations N.E.C, Including Occupations in Travel and Accommodation, Attendants in Recreation and Sport as well as Supervisors","Personnel de supervision des services, personnel de l'hébergement et des voyages, préposés dans les sports et les loisirs et personnel de la vente et des services"
"SP_NOC01","18","Contractors and Supervisors in Trades and Transportation","Entrepreneurs et contremaîtres du personnel des métiers et des transports"
"SP_NOC01","19","Construction Trades","Personnel des métiers de la construction"
"SP_NOC01","20","Other Trades Occupations","Autres métiers"
"SP_NOC01","21","Transport and Equipment Operators","Transport et conducteurs d'équipement lourd"
"SP_NOC01","22","Trades Helpers, Construction, and Transportation Labourers and Related Occupations","Aides de soutien des métiers, manoeuvres en construction et de transport et personnel assimilé"
"SP_NOC01","23","Occupations Unique to Primary Industry","Professions propres au secteur primaire"
"SP_NOC01","24","Machine Operators and Assemblers in Manufacturing, Including Supervisors","Surveillants, conducteurs de machines et monteurs dans la fabrication"
"SP_NOC01","25","Labourer in Processing, Manufacturing and Utilities","Manoeuvres dans la fabrication et les services d'utilité publique"
"SP_SOC80","1","Managerial and Administrative","Direction et administration"
"SP_SOC80","2","Natural Sciences, Engineering and Math","Sciences naturelles, génie et mathématiques"
"SP_SOC80","3","Social Science and Related","Sciences sociales et domaines connexes"
"SP_SOC80","4","Religion","Clergé"
"SP_SOC80","5","Teaching and Related","Enseignement et domaines connexes"
"SP_SOC80","6","Medicine and Health","Médecine et soins de santé"
"SP_SOC80","7","Artistic, Literary, Recreational and Related","Arts, littérature, loisirs et domaines connexes"
"SP_SOC80","8","Clerical and Related","Travail de bureau et domaines connexes"
"SP_SOC80","9","Sales","Ventes"
"SP_SOC80","10","Service","Services"
"SP_SOC80","11","Farming, Horticultural and Husbandry","Agriculture, horticulture et élevage"
"SP_SOC80","12","Fishing, Trapping and Related","Pêche, piégeage et domaines connexes"
"SP_SOC80","13","Forestry and Logging","Travail forestier et abattage"
"SP_SOC80","14","Mining, Quarrying, including Oil and Gas","Mines, carrières et forage, incluant pétrole et gaz"
"SP_SOC80","15","Processing","Transformation"
"SP_SOC80","16","Machining","Usinage"
"SP_SOC80","17","Fabricating","Fabrication"
"SP_SOC80","18","Construction","Construction"
"SP_SOC80","19","Transport Equipment Operations","Exploitation des transports"
"SP_SOC80","20","Material Handling","Manutention"
"SP_SOC80","21","Other Crafts","Autre métiers"
"SP_UHRSM","1","1 to 14","1 à 14"
"SP_UHRSM","2","15 to 29","15 à 29"
"SP_UHRSM","3","30 to 34","30 à 34"
"SP_UHRSM","4","35 to 39","35 à 39"
"SP_UHRSM","5","40","40"
"SP_UHRSM","6","41 to 49","41 à 49"
"SP_UHRSM","7","50 and more","50 et plus"
"SP_UHRST","1","1 to 14","1 à 14"
"SP_UHRST","2","15 to 29","15 à 29"
"SP_UHRST","3","30 to 34","30 à 34"
"SP_UHRST","4","35 to 39","35 à 39"
"SP_UHRST","5","40","40"
"SP_UHRST","6","41 to 49","41 à 49"
"SP_UHRST","7","50 and more","50 et plus"
"SPED1990","0","0 to 8 years of education","0 à 8 années d'études"
"SPED1990","1","Some secondary education","Études secondaires partielles"
"SPED1990","2","Graduate from high school","Diplôme d'études secondaires"
"SPED1990","3","Some post-secondary","Études postsecondaires partielles"
"SPED1990","4","Post-secondary certificate or diploma","Certificat ou diplôme d'études postsecondaires"
"SPED1990","5","University degree","Grade universitaire"
"SPED7689","0","0 to 8 years of education","0 à 8 années d'études"
"SPED7689","1","Some or complete high school","Études secondaires partielles ou complétées"
"SPED7689","2","Some post-secondary","Études postsecondaires partielles"
"SPED7689","3","Post-secondary certificate or diploma","Certificat ou diplôme d'études postsecondaires"
"SPED7689","4","University degree","Grade universitaire"
"SURVMNTH","1","January","Janvier"
"SURVMNTH","2","February",
"SURVMNTH","3","March",
"SURVMNTH","4","April",
"SURVMNTH","5","May",
"SURVMNTH","6","June",
"SURVMNTH","7","July",
"SURVMNTH","8","August",
"SURVMNTH","9","September",
"SURVMNTH","10","October",
"SURVMNTH","11","November",
"SURVMNTH","12","December",
"SURVYEAR","2001","2001",
"SURVYEAR","2002","2002",
"SURVYEAR","2003","2003",
"SURVYEAR","2004","2004",
"SURVYEAR","2005","2005",
"TLOLOOK","1","Yes","Oui"
"TLOLOOK","2","No","Non"
"UNEMFTPT","1","Full-time","Chômeurs, genre de travail désiré"
"UNEMFTPT","2","Part-time","Inconnu pour emploi devant commencer à une date future"
"UNEMFTPT","3","Future start","Emploi devant commencer prochainement"
"UNION","1","Union member","Membres d'un syndicat"
"UNION","2","Not member, covered by collective aggreement","Non membres, mais couverts par une convention collective"
"UNION","3","Not member or covered","Non membres et non couverts"
"WHYLEFTN","0","Left job, other reasons","Ont quitté leur emploi, autre raison"
"WHYLEFTN","1","Left job, own illness or disability","Ont quitté leur emploi, maladie ou incapacité de l'enquêté"
"WHYLEFTN","2","Left job, caring for own children","Ont quitté leur emploi, soins à donner à leurs enfants"
"WHYLEFTN","3","Left job, pregnancy","Ont quitté leur emploi: sont enceintes"
"WHYLEFTN","4","Left job, other personal or family responsibilities","Ont quitté leur emploi, autres obligations personnelles ou familiales"
"WHYLEFTN","5","Left job, going to school","Ont quitté leur emploi, vont à l'école"
"WHYLEFTN","6","Left job, dissatisfied","Ont quitté leur emploi, n'étaient pas satisfaits"
"WHYLEFTN","7","Left job, retired","Ont quitté leur emploi: ont pris leur retraite"
"WHYLEFTN","8","Left job, business sold or closed down (self-employed)","Ont quitté leur emploi: ont vendu ou fermé l'entreprise (travail indépendants)"
"WHYLEFTN","9","Lost job, end of seasonal job (employee)","Ont perdu leur emploi: fin de l'emploi saisonnier (employés)"
"WHYLEFTN","10","Lost job, end of temporary or casual (employee)","Ont perdu leur emploi: fin de l'emploi temporaire ou occasionnel (employés)"
"WHYLEFTN","11","Lost job, company moved or out of business (employee)","Ont perdu leur emploi: l'entreprise a déménagé ou a fermé (employés)"
"WHYLEFTN","12","Lost job, business conditions (employee)","Ont perdu leur emploi: conjoncture économique (employés)"
"WHYLEFTN","13","Lost job, dismissal or other reasons","Ont perdu leur emploi: congédiement ou autre raison"
"WHYLEFTO","0","Left job, other reasons","Ont quitté leur emploi, autre raison"
"WHYLEFTO","1","Left job, own illness or disability","Ont quitté leur emploi, maladie ou incapacité de l'enquêté"
"WHYLEFTO","2","Left job, personal or family responsibilities","Ont quitté leur emploi, obligations personnelles ou familiales"
"WHYLEFTO","3","Left job, going to school","Ont quitté leur emploi, vont à l'école"
"WHYLEFTO","4","Lost job, laid off","Ont perdu leur emploi: mis à pied"
"WHYLEFTO","5","Left job, retired","Ont quitté leur emploi: ont pris leur retraite"
"WHYPTNEW","0","Other reasons","Autre raison"
"WHYPTNEW","1","Own illness or disability","Maladie ou incapacité de l'enquêté"
"WHYPTNEW","2","Care for own children","Soins à donner à ses enfants"
"WHYPTNEW","3","Personal or family responsibilities","Autres obligations personnelles ou familiales"
"WHYPTNEW","4","Going to school","Va à l'école"
"WHYPTNEW","5","Personal preference","Choix personnel"
"WHYPTNEW","6","Business conditions or could not find full-time, looked for full-time","Conjoncture économique ou n'a pas pu trouver temps plein, a cherché temps plein"
"WHYPTNEW","7","Business conditions or could not find full-time, did not look for full-time","Conjoncture économique ou n'a pas pu trouver temps plein, n’a pas cherché temps plein"
"WHYPTOLD","0","Other reasons","Autre raison"
"WHYPTOLD","1","Own illness or disability","Maladie ou incapacité de l'enquêté"
"WHYPTOLD","2","Personal or family responsibilities","Obligations personnelles ou familiales"
"WHYPTOLD","3","Going to school","Va à l'école"
"WHYPTOLD","4","Could only find part-time","N'a pu trouver que du travail à temps partiel"
"WHYPTOLD","5","Did not want full-time","Ne voulait pas travailler à temps plein"
"WHYPTOLD","6","Hours under 30: full-time","Travail à temps plein de moins de 30 heures"
"WHYPTOLD","7","Not asked, multiple job holder, total hours more than 29","Non demandé, a plus d'un emploi, heures total plus de 29"
"YABSENT","0","Other","Autre"
"YABSENT","1","Own illness or disability","Maladie ou incapacité de l'enquêté"
"YABSENT","2","Personal or family responsibilities","Obligations personnelles ou familiales"
"YABSENT","3","Vacation","Vacances"
"YAWAY","0","Other reasons","Autre raison"
"YAWAY","1","Own illness or disability","Maladie ou incapacité de l'enquêté"
"YAWAY","2","Personal or family responsibilities","Obligations personnelles ou familiales"
"YAWAY","3","Vacation or civic holiday","Vacances ou congé férié"
"YAWAY","4","Working short-time","Travaille à temps réduit"
"YNOLKOLD","0","Other","Autre"
"YNOLKOLD","1","Own illness or disability","Maladie ou incapacité de l'enquêté"
"YNOLKOLD","2","Personal or family responsibilities","Obligations personnelles ou familiales"
"YNOLKOLD","3","Going to school","Vont à l'école"
"YNOLKOLD","4","Waiting for recall or reply","Attendaient d'être rappelés ou que des employeurs leur répondent"
"YNOLKOLD","5","Believes no work available","Croient qu'il n'y a pas de travail"
"YNOLOOK","0","Other","Autre"
"YNOLOOK","1","Own illness or disability","Maladie ou incapacité de l'enquêté"
"YNOLOOK","2","Care for own children","Soins à donner à leurs enfants"
"YNOLOOK","3","Other personal or family responsibilities","Autres obligations personnelles ou familiales"
"YNOLOOK","4","Going to school","Vont à l'école"
"YNOLOOK","5","Waiting for recall or reply","Attendaient d'être rappelés ou que des employeurs leur répondent"
"YNOLOOK","6","Believes no work available","Croient qu'il n'y a pas de travail"
