"version","doi_eng","doi_fra","rebased"
"1976-01","doi:10.5683/SP3/IWJ3TB","doi:10.5683/SP3/M70WD1",""
"1976-02","doi:10.5683/SP3/J3EG0L","doi:10.5683/SP3/MCJ71C",""
"1976-03","doi:10.5683/SP3/TXJIJO","doi:10.5683/SP3/YTEE5H",""
"1976-04","doi:10.5683/SP3/HZ7NPC","doi:10.5683/SP3/7JYDJU",""
"1976-05","doi:10.5683/SP3/HOJIDC","doi:10.5683/SP3/D95ULG",""
"1976-06","doi:10.5683/SP3/ZKMYN5","doi:10.5683/SP3/7ZWLIV",""
"1976-07","doi:10.5683/SP3/O3LLJW","doi:10.5683/SP3/HLMZB5",""
"1976-08","doi:10.5683/SP3/BXFZHG","doi:10.5683/SP3/WOMS4B",""
"1976-09","doi:10.5683/SP3/W2FULW","doi:10.5683/SP3/NRJ45V",""
"1976-10","doi:10.5683/SP3/MT5RUE","doi:10.5683/SP3/RSB2WI",""
"1976-11","doi:10.5683/SP3/TRIGAK","doi:10.5683/SP3/ZMQGY2",""
"1976-12","doi:10.5683/SP3/Y8JIP5","doi:10.5683/SP3/DGGXYI",""
"1977-01","doi:10.5683/SP3/TXKDJX","doi:10.5683/SP3/NCGYGM",""
"1977-02","doi:10.5683/SP3/BTXSPJ","doi:10.5683/SP3/W53HOB",""
"1977-03","doi:10.5683/SP3/HWKIF3","doi:10.5683/SP3/H1JIEA",""
"1977-04","doi:10.5683/SP3/GUCZYA","doi:10.5683/SP3/ZJ5UND",""
"1977-05","doi:10.5683/SP3/EDT1VD","doi:10.5683/SP3/GETBZQ",""
"1977-06","doi:10.5683/SP3/MVDCCK","doi:10.5683/SP3/KVKO0M",""
"1977-07","doi:10.5683/SP3/ON9FQJ","doi:10.5683/SP3/ZWKANJ",""
"1977-08","doi:10.5683/SP3/QZQFGZ","doi:10.5683/SP3/VAYVWF",""
"1977-09","doi:10.5683/SP3/XMMO2F","doi:10.5683/SP3/NIN7LV",""
"1977-10","doi:10.5683/SP3/GVC42Y","doi:10.5683/SP3/JOJWX7",""
"1977-11","doi:10.5683/SP3/UIYZO0","doi:10.5683/SP3/XBQXYA",""
"1977-12","doi:10.5683/SP3/ZLLHV9","doi:10.5683/SP3/0FMKNI",""
"1978-01","doi:10.5683/SP3/7BEM3F","doi:10.5683/SP3/DLXLOZ",""
"1978-02","doi:10.5683/SP3/CI9H3T","doi:10.5683/SP3/AJQKTY",""
"1978-03","doi:10.5683/SP3/75RXOG","doi:10.5683/SP3/TE7LF2",""
"1978-04","doi:10.5683/SP3/N2RCLE","doi:10.5683/SP3/5EVJGO",""
"1978-05","doi:10.5683/SP3/COXRYK","doi:10.5683/SP3/HPP7MW",""
"1978-06","doi:10.5683/SP3/C6OG4F","doi:10.5683/SP3/76CXFO",""
"1978-07","doi:10.5683/SP3/KXDZHT","doi:10.5683/SP3/JA7GN5",""
"1978-08","doi:10.5683/SP3/AS5IDG","doi:10.5683/SP3/QJ4EZQ",""
"1978-09","doi:10.5683/SP3/AOYPZP","doi:10.5683/SP3/C8W1J1",""
"1978-10","doi:10.5683/SP3/3WQ7NG","doi:10.5683/SP3/XSTOBT",""
"1978-11","doi:10.5683/SP3/R3H54M","doi:10.5683/SP3/S64KRS",""
"1978-12","doi:10.5683/SP3/KD8BQA","doi:10.5683/SP3/AEUQOK",""
"1979-01","doi:10.5683/SP3/4VMGNU","doi:10.5683/SP3/HS7KOL",""
"1979-02","doi:10.5683/SP3/V4JRV2","doi:10.5683/SP3/YDJLHK",""
"1979-03","doi:10.5683/SP3/5SWNDJ","doi:10.5683/SP3/WZZW6D",""
"1979-04","doi:10.5683/SP3/NTNNFW","doi:10.5683/SP3/XWWZ9L",""
"1979-05","doi:10.5683/SP3/NYZC2G","doi:10.5683/SP3/CYKGDO",""
"1979-06","doi:10.5683/SP3/6FVGQ4","doi:10.5683/SP3/FDSITW",""
"1979-07","doi:10.5683/SP3/J2UDYB","doi:10.5683/SP3/IFQWHX",""
"1979-08","doi:10.5683/SP3/T4NAFX","doi:10.5683/SP3/RAEBE0",""
"1979-09","doi:10.5683/SP3/C7CFGH","doi:10.5683/SP3/POER1U",""
"1979-10","doi:10.5683/SP3/RR9QBW","doi:10.5683/SP3/VNISAS",""
"1979-11","doi:10.5683/SP3/YGEARB","doi:10.5683/SP3/LF3CMS",""
"1979-12","doi:10.5683/SP3/MMUI9I","doi:10.5683/SP3/JOZKVL",""
"1980-01","doi:10.5683/SP3/BEVZ69","doi:10.5683/SP3/ZAKZYV",""
"1980-02","doi:10.5683/SP3/RSURYN","doi:10.5683/SP3/ZTNPJ8",""
"1980-03","doi:10.5683/SP3/SWS6WF","doi:10.5683/SP3/PUVAKI",""
"1980-04","doi:10.5683/SP3/FVQZR1","doi:10.5683/SP3/WYSHMZ",""
"1980-05","doi:10.5683/SP3/ULFIVF","doi:10.5683/SP3/1YPIXX",""
"1980-06","doi:10.5683/SP3/UA5K4A","doi:10.5683/SP3/H2JHXL",""
"1980-07","doi:10.5683/SP3/SRBNWG","doi:10.5683/SP3/UNORUQ",""
"1980-08","doi:10.5683/SP3/NGLZOV","doi:10.5683/SP3/RPRJAZ",""
"1980-09","doi:10.5683/SP3/WAT8DP","doi:10.5683/SP3/7PGFBT",""
"1980-10","doi:10.5683/SP3/GKCBO7","doi:10.5683/SP3/AVZAG1",""
"1980-11","doi:10.5683/SP3/6VOPQG","doi:10.5683/SP3/NGRAOP",""
"1980-12","doi:10.5683/SP3/MFY9AN","doi:10.5683/SP3/YWDTC4",""
"1981-01","doi:10.5683/SP3/PUBWVL","doi:10.5683/SP3/HSIC7X",""
"1981-02","doi:10.5683/SP3/RJXGYK","doi:10.5683/SP3/9UT8NA",""
"1981-03","doi:10.5683/SP3/XUA6KF","doi:10.5683/SP3/7BGPVP",""
"1981-04","doi:10.5683/SP3/RZLS1O","doi:10.5683/SP3/P9TQYK",""
"1981-05","doi:10.5683/SP3/3HQKO2","doi:10.5683/SP3/SQMIBB",""
"1981-06","doi:10.5683/SP3/WI9NNZ","doi:10.5683/SP3/G8TPX9",""
"1981-07","doi:10.5683/SP3/DDUSFI","doi:10.5683/SP3/QUGTDE",""
"1981-08","doi:10.5683/SP3/OELG6Q","doi:10.5683/SP3/YU3VTP",""
"1981-09","doi:10.5683/SP3/F1O4YO","doi:10.5683/SP3/GZ3DPW",""
"1981-10","doi:10.5683/SP3/CSSBN8","doi:10.5683/SP3/SGW6EL",""
"1981-11","doi:10.5683/SP3/GRAQRW","doi:10.5683/SP3/7Z03NE",""
"1981-12","doi:10.5683/SP3/VVP1DC","doi:10.5683/SP3/NF0T6B",""
"1982-01","doi:10.5683/SP3/U2TL65","doi:10.5683/SP3/NC0D76",""
"1982-02","doi:10.5683/SP3/VZRMKK","doi:10.5683/SP3/XM8LO0",""
"1982-03","doi:10.5683/SP3/OJMPXA","doi:10.5683/SP3/F1ATL0",""
"1982-04","doi:10.5683/SP3/ZNG3ZH","doi:10.5683/SP3/HZDVJ4",""
"1982-05","doi:10.5683/SP3/2IWWED","doi:10.5683/SP3/WVJYHU",""
"1982-06","doi:10.5683/SP3/FNOG59","doi:10.5683/SP3/MKRBHB",""
"1982-07","doi:10.5683/SP3/DNLM0U","doi:10.5683/SP3/WUHKX1",""
"1982-08","doi:10.5683/SP3/BTXBUV","doi:10.5683/SP3/I5E6VF",""
"1982-09","doi:10.5683/SP3/NO2I6X","doi:10.5683/SP3/XOK6ZC",""
"1982-10","doi:10.5683/SP3/72LFIU","doi:10.5683/SP3/JMZE8Q",""
"1982-11","doi:10.5683/SP3/12WOAI","doi:10.5683/SP3/XQSEMF",""
"1982-12","doi:10.5683/SP3/9Z8W3N","doi:10.5683/SP3/CFLDVQ",""
"1983-01","doi:10.5683/SP3/O2KYXW","doi:10.5683/SP3/ZMYJEZ",""
"1983-02","doi:10.5683/SP3/EAHXDM","doi:10.5683/SP3/PSPXOG",""
"1983-03","doi:10.5683/SP3/FYWDLC","doi:10.5683/SP3/MOC30Y",""
"1983-04","doi:10.5683/SP3/EUBSES","doi:10.5683/SP3/ORZ6QN",""
"1983-05","doi:10.5683/SP3/LDU732","doi:10.5683/SP3/PJUMTX",""
"1983-06","doi:10.5683/SP3/YHK96E","doi:10.5683/SP3/63A07P",""
"1983-07","doi:10.5683/SP3/WI7MAK","doi:10.5683/SP3/EKZYQJ",""
"1983-08","doi:10.5683/SP3/MUQKQL","doi:10.5683/SP3/53BKJD",""
"1983-09","doi:10.5683/SP3/U9PQUH","doi:10.5683/SP3/RXDRU0",""
"1983-10","doi:10.5683/SP3/JI18V0","doi:10.5683/SP3/7Y5PFE",""
"1983-11","doi:10.5683/SP3/KFJYWE","doi:10.5683/SP3/5VY0MP",""
"1983-12","doi:10.5683/SP3/BDQA7P","doi:10.5683/SP3/D24F0E",""
"1984-01","doi:10.5683/SP3/EN4GNF","doi:10.5683/SP3/4PDPSM",""
"1984-02","doi:10.5683/SP3/KAGVBR","doi:10.5683/SP3/81NNBA",""
"1984-03","doi:10.5683/SP3/VMJL9V","doi:10.5683/SP3/FFK1GN",""
"1984-04","doi:10.5683/SP3/RCPIED","doi:10.5683/SP3/F5QWEV",""
"1984-05","doi:10.5683/SP3/SLEBF9","doi:10.5683/SP3/QPLFY3",""
"1984-06","doi:10.5683/SP3/FMSDTC","doi:10.5683/SP3/RPXZIM",""
"1984-07","doi:10.5683/SP3/9PTVQG","doi:10.5683/SP3/PXRBMX",""
"1984-08","doi:10.5683/SP3/RBJKMI","doi:10.5683/SP3/MKUORY",""
"1984-09","doi:10.5683/SP3/NZXFOH","doi:10.5683/SP3/VKWDTT",""
"1984-10","doi:10.5683/SP3/BSKLPC","doi:10.5683/SP3/KFSZNE",""
"1984-11","doi:10.5683/SP3/RP6JM4","doi:10.5683/SP3/1UPH5B",""
"1984-12","doi:10.5683/SP3/TVXG4X","doi:10.5683/SP3/EDQ57V",""
"1985-01","doi:10.5683/SP3/B1XYNF","doi:10.5683/SP3/MZERIN",""
"1985-02","doi:10.5683/SP3/LR4P5H","doi:10.5683/SP3/5OD7OP",""
"1985-03","doi:10.5683/SP3/LTFSPN","doi:10.5683/SP3/UA8OCG",""
"1985-04","doi:10.5683/SP3/HBOY2F","doi:10.5683/SP3/6AAPNQ",""
"1985-05","doi:10.5683/SP3/4ZIOSB","doi:10.5683/SP3/PCRJON",""
"1985-06","doi:10.5683/SP3/LRPO8Y","doi:10.5683/SP3/3BFNIT",""
"1985-07","doi:10.5683/SP3/XSJTA9","doi:10.5683/SP3/XKLOJH",""
"1985-08","doi:10.5683/SP3/RXOEKP","doi:10.5683/SP3/3QWAA9",""
"1985-09","doi:10.5683/SP3/UT8Z4B","doi:10.5683/SP3/D5X5VA",""
"1985-10","doi:10.5683/SP3/NCLAWJ","doi:10.5683/SP3/2PJGD2",""
"1985-11","doi:10.5683/SP3/AB00ZK","doi:10.5683/SP3/VEBLBU",""
"1985-12","doi:10.5683/SP3/L21P2U","doi:10.5683/SP3/H6N91L",""
"1986-01","doi:10.5683/SP3/AGB5I4","doi:10.5683/SP3/UVGAZR",""
"1986-02","doi:10.5683/SP3/2VYUGT","doi:10.5683/SP3/4SSKFL",""
"1986-03","doi:10.5683/SP3/E4QI0T","doi:10.5683/SP3/WD1PLI",""
"1986-04","doi:10.5683/SP3/RR8HVN","doi:10.5683/SP3/7JRZAG",""
"1986-05","doi:10.5683/SP3/LFQ4QL","doi:10.5683/SP3/JJFSOJ",""
"1986-06","doi:10.5683/SP3/25OUH7","doi:10.5683/SP3/FXBPMR",""
"1986-07","doi:10.5683/SP3/HS8GMN","doi:10.5683/SP3/2HN5LI",""
"1986-08","doi:10.5683/SP3/0BSOHW","doi:10.5683/SP3/ZVGBPE",""
"1986-09","doi:10.5683/SP3/8AFARI","doi:10.5683/SP3/OSBO0E",""
"1986-10","doi:10.5683/SP3/HX1PGQ","doi:10.5683/SP3/W39UGI",""
"1986-11","doi:10.5683/SP3/OOCN0R","doi:10.5683/SP3/OIF1N3",""
"1986-12","doi:10.5683/SP3/2UYVMD","doi:10.5683/SP3/07THH4",""
"1987-01","doi:10.5683/SP3/OC7QFZ","doi:10.5683/SP3/1HIVFM","2001"
"1987-02","doi:10.5683/SP3/WKVAGS","doi:10.5683/SP3/56RA8B","2001"
"1987-03","doi:10.5683/SP3/XG5AZP","doi:10.5683/SP3/YHCTG2","2001"
"1987-04","doi:10.5683/SP3/TMAGTD","doi:10.5683/SP3/TCDYMG","2001"
"1987-05","doi:10.5683/SP3/Z94ZAI","doi:10.5683/SP3/9E97UQ","2001"
"1987-06","doi:10.5683/SP3/IWUQK5","doi:10.5683/SP3/WLPDSF","2001"
"1987-07","doi:10.5683/SP3/SLCHLB","doi:10.5683/SP3/DIVX56","2001"
"1987-08","doi:10.5683/SP3/IC5PMU","doi:10.5683/SP3/DEST5I","2001"
"1987-09","doi:10.5683/SP3/0GBLT5","doi:10.5683/SP3/ILNMLF","2001"
"1987-10","doi:10.5683/SP3/EL2UUL","doi:10.5683/SP3/EAKL6O","2001"
"1987-11","doi:10.5683/SP3/EFNTNA","doi:10.5683/SP3/KWTSAB","2001"
"1987-12","doi:10.5683/SP3/8SJH4D","doi:10.5683/SP3/FUPHAY","2001"
"1988-01","doi:10.5683/SP3/HPG5BZ","doi:10.5683/SP3/9TDBVN","2001"
"1988-02","doi:10.5683/SP3/UMKZLG","doi:10.5683/SP3/LF7OWB","2001"
"1988-03","doi:10.5683/SP3/PCHVHD","doi:10.5683/SP3/GZG4HS","2001"
"1988-04","doi:10.5683/SP3/WTL0TF","doi:10.5683/SP3/BNK4TP","2001"
"1988-05","doi:10.5683/SP3/1NEYFQ","doi:10.5683/SP3/BFD5SY","2001"
"1988-06","doi:10.5683/SP3/WTUQTZ","doi:10.5683/SP3/79DJJE","2001"
"1988-07","doi:10.5683/SP3/1LPITK","doi:10.5683/SP3/5VQ6JA","2001"
"1988-08","doi:10.5683/SP3/DHV1LT","doi:10.5683/SP3/COEEXB","2001"
"1988-09","doi:10.5683/SP3/PUVGNN","doi:10.5683/SP3/7DEJMD","2001"
"1988-10","doi:10.5683/SP3/FUW3OB","doi:10.5683/SP3/XZMV98","2001"
"1988-11","doi:10.5683/SP3/8MZYUW","doi:10.5683/SP3/ZNXLWY","2001"
"1988-12","doi:10.5683/SP3/I6VH9X","doi:10.5683/SP3/BK08A5","2001"
"1989-01","doi:10.5683/SP3/HAGDSG","doi:10.5683/SP3/F3M8FZ","2001"
"1989-02","doi:10.5683/SP3/EXZFOY","doi:10.5683/SP3/V8YGDG","2001"
"1989-03","doi:10.5683/SP3/OQHY60","doi:10.5683/SP3/HIDMBY","2001"
"1989-04","doi:10.5683/SP3/MLEQCD","doi:10.5683/SP3/9WNACO","2001"
"1989-05","doi:10.5683/SP3/WVYFXO","doi:10.5683/SP3/5ASRDQ","2001"
"1989-06","doi:10.5683/SP3/NKYNUY","doi:10.5683/SP3/ULOGPL","2001"
"1989-07","doi:10.5683/SP3/78VFHS","doi:10.5683/SP3/IJUGRN","2001"
"1989-08","doi:10.5683/SP3/6JNO73","doi:10.5683/SP3/I7YVV8","2001"
"1989-09","doi:10.5683/SP3/KGPZEN","doi:10.5683/SP3/HWJXRL","2001"
"1989-10","doi:10.5683/SP3/KMNW0M","doi:10.5683/SP3/USK0QX","2001"
"1989-11","doi:10.5683/SP3/S9P6SE","doi:10.5683/SP3/8L0QWQ","2001"
"1989-12","doi:10.5683/SP3/MT9GX4","doi:10.5683/SP3/N4F5WQ","2001"
"1990-01","doi:10.5683/SP3/4VP9E9","doi:10.5683/SP3/LQJAP8","2001"
"1990-02","doi:10.5683/SP3/SMU7S5",,"2001"
"1990-03","doi:10.5683/SP3/5SN49W","doi:10.5683/SP3/AWKNWD","2001"
"1990-04","doi:10.5683/SP3/JCKMTB","doi:10.5683/SP3/NTOO1W","2001"
"1990-05","doi:10.5683/SP3/PGCMVO","doi:10.5683/SP3/2FEVK3","2001"
"1990-06","doi:10.5683/SP3/ESXEXL","doi:10.5683/SP3/PHEQQT","2001"
"1990-07","doi:10.5683/SP3/FDJPOM","doi:10.5683/SP3/BLEAFQ","2001"
"1990-08","doi:10.5683/SP3/IRRXAC","doi:10.5683/SP3/M3ZNKJ","2001"
"1990-09","doi:10.5683/SP3/SQRVN9","doi:10.5683/SP3/4J0GRM","2001"
"1990-10","doi:10.5683/SP3/UOY86P","doi:10.5683/SP3/BGFMAC","2001"
"1990-11","doi:10.5683/SP3/XLHMOP","doi:10.5683/SP3/QBONIO","2001"
"1990-12","doi:10.5683/SP3/NWJIPN","doi:10.5683/SP3/3LIHNI","2001"
"1991-01","doi:10.5683/SP3/ABVPQD","doi:10.5683/SP3/6XP1GO","2001"
"1991-02","doi:10.5683/SP3/UUAL21","doi:10.5683/SP3/FDPJYH","2001"
"1991-03","doi:10.5683/SP3/VRPMQZ","doi:10.5683/SP3/VLCBVG","2001"
"1991-04","doi:10.5683/SP3/DSVTIG","doi:10.5683/SP3/MEDWCY","2001"
"1991-05","doi:10.5683/SP3/QTS1SZ","doi:10.5683/SP3/6Y0TPQ","2001"
"1991-06","doi:10.5683/SP3/1L5VAU","doi:10.5683/SP3/O5ADPH","2001"
"1991-07","doi:10.5683/SP3/H0B3LS","doi:10.5683/SP3/MQHZ4A","2001"
"1991-08","doi:10.5683/SP3/ZIQZ6W","doi:10.5683/SP3/NMWIWS","2001"
"1991-09","doi:10.5683/SP3/0XEG9E","doi:10.5683/SP3/BDWV4Z","2001"
"1991-10","doi:10.5683/SP3/TUGGED","doi:10.5683/SP3/OKZ5EB","2001"
"1991-11","doi:10.5683/SP3/JKHFZY","doi:10.5683/SP3/6IF1HE","2001"
"1991-12","doi:10.5683/SP3/BN9FMX","doi:10.5683/SP3/RX763A","2001"
"1992-01","doi:10.5683/SP3/AABMNU","doi:10.5683/SP3/BW39XS","2001"
"1992-02","doi:10.5683/SP3/5IUEZA","doi:10.5683/SP3/BTW0SF","2001"
"1992-03","doi:10.5683/SP3/BAQFRN","doi:10.5683/SP3/VIXBKW","2001"
"1992-04","doi:10.5683/SP3/WRFMNS","doi:10.5683/SP3/VW9WLA","2001"
"1992-05","doi:10.5683/SP3/WEGK9W","doi:10.5683/SP3/R3XPWC","2001"
"1992-06","doi:10.5683/SP3/XDY1AV","doi:10.5683/SP3/VQMQJ6","2001"
"1992-07","doi:10.5683/SP3/ZPG7PS","doi:10.5683/SP3/LUTYQY","2001"
"1992-08","doi:10.5683/SP3/M0WOZQ","doi:10.5683/SP3/BB5JNO","2001"
"1992-09","doi:10.5683/SP3/4FIUZY","doi:10.5683/SP3/LOXZFP","2001"
"1992-10","doi:10.5683/SP3/NPSPW6","doi:10.5683/SP3/KHCD1F","2001"
"1992-11","doi:10.5683/SP3/YD9TLV","doi:10.5683/SP3/XNKGBQ","2001"
"1992-12","doi:10.5683/SP3/MZK91N","doi:10.5683/SP3/5NOLOE","2001"
"1993-01","doi:10.5683/SP3/TRZHWD","doi:10.5683/SP3/16YR1W","2001"
"1993-02","doi:10.5683/SP3/SXHJ1U","doi:10.5683/SP3/IYBVNZ","2001"
"1993-03","doi:10.5683/SP3/W48RY7","doi:10.5683/SP3/NUALAH","2001"
"1993-04","doi:10.5683/SP3/KGO3DZ","doi:10.5683/SP3/DA8LGJ","2001"
"1993-05","doi:10.5683/SP3/TZT1QG","doi:10.5683/SP3/VFYYFC","2001"
"1993-06","doi:10.5683/SP3/9FDAME","doi:10.5683/SP3/ALMPGQ","2001"
"1993-07","doi:10.5683/SP3/4OMZFS","doi:10.5683/SP3/YYC603","2001"
"1993-08","doi:10.5683/SP3/EL54AV","doi:10.5683/SP3/EYAU2O","2001"
"1993-09","doi:10.5683/SP3/B8FAD9","doi:10.5683/SP3/OGGBLO","2001"
"1993-10","doi:10.5683/SP3/OGGVVU","doi:10.5683/SP3/BLIU7R","2001"
"1993-11","doi:10.5683/SP3/OERAD5","doi:10.5683/SP3/JI0LRR","2001"
"1993-12","doi:10.5683/SP3/PW347M","doi:10.5683/SP3/HCKPXL","2001"
"1994-01","doi:10.5683/SP3/KKSBNM","doi:10.5683/SP3/D2QIWQ","2001"
"1994-02","doi:10.5683/SP3/MKXLQT","doi:10.5683/SP3/1HV9ZX","2001"
"1994-03","doi:10.5683/SP3/DUIER6","doi:10.5683/SP3/TVBCJA","2001"
"1994-04","doi:10.5683/SP3/7BURST","doi:10.5683/SP3/J72VTQ","2001"
"1994-05","doi:10.5683/SP3/GTPZMZ","doi:10.5683/SP3/MRIG2O","2001"
"1994-06","doi:10.5683/SP3/KTD209","doi:10.5683/SP3/DP2ZZV","2001"
"1994-07","doi:10.5683/SP3/Q9RTW1","doi:10.5683/SP3/ADRIS6","2001"
"1994-08","doi:10.5683/SP3/NEOGRW","doi:10.5683/SP3/4FHTTR","2001"
"1994-09","doi:10.5683/SP3/FAVJZH","doi:10.5683/SP3/OLNEPU","2001"
"1994-10","doi:10.5683/SP3/LLQWGQ","doi:10.5683/SP3/NDWWL9","2001"
"1994-11","doi:10.5683/SP3/AXXWYC","doi:10.5683/SP3/XGZ1MB","2001"
"1994-12","doi:10.5683/SP3/OGB6UU","doi:10.5683/SP3/MUJBV0","2001"
"1995-01","doi:10.5683/SP3/SGHR2O","doi:10.5683/SP3/WGAOZS","2001"
"1995-02","doi:10.5683/SP3/7UYV2L","doi:10.5683/SP3/0PJ7CQ","2001"
"1995-03","doi:10.5683/SP3/U0EV2K","doi:10.5683/SP3/VM2BXB","2001"
"1995-04","doi:10.5683/SP3/4UUCUU","doi:10.5683/SP3/Y9QJFX","2001"
"1995-05","doi:10.5683/SP3/PIQICG","doi:10.5683/SP3/Q3KKAX","2001"
"1995-06","doi:10.5683/SP3/MOZYDP","doi:10.5683/SP3/QO2BD9","2001"
"1995-07","doi:10.5683/SP3/ARAKMI","doi:10.5683/SP3/1YIJM9","2001"
"1995-08","doi:10.5683/SP3/GFRKNH","doi:10.5683/SP3/XOTAKZ","2001"
"1995-09","doi:10.5683/SP3/BTUMI6","doi:10.5683/SP3/BMD7Z2","2001"
"1995-10","doi:10.5683/SP3/BEZQ1U","doi:10.5683/SP3/NWMHZU","2001"
"1995-11","doi:10.5683/SP3/MEBDMI","doi:10.5683/SP3/FLVIWW","2001"
"1995-12","doi:10.5683/SP3/KUDTPW","doi:10.5683/SP3/ZI78GL","2001"
"1996-01","doi:10.5683/SP3/I8RG1R","doi:10.5683/SP3/XE9AHN","2006"
"1996-02","doi:10.5683/SP3/NBQFTD",,"2006"
"1996-03","doi:10.5683/SP3/GL2UR7","doi:10.5683/SP3/6NFZQ4","2006"
"1996-04","doi:10.5683/SP3/YQFXC3","doi:10.5683/SP3/ID6QQF","2006"
"1996-05","doi:10.5683/SP3/H7FZL2","doi:10.5683/SP3/GLB7XW","2006"
"1996-06","doi:10.5683/SP3/JSLBAR","doi:10.5683/SP3/7URQFX","2006"
"1996-07","doi:10.5683/SP3/PIQNWO","doi:10.5683/SP3/E8ETFE","2006"
"1996-08","doi:10.5683/SP3/QED9LW","doi:10.5683/SP3/TJGZHB","2006"
"1996-09","doi:10.5683/SP3/NSKEAU","doi:10.5683/SP3/V7UAWL","2006"
"1996-10","doi:10.5683/SP3/YFEWVK","doi:10.5683/SP3/F5LEIH","2006"
"1996-11","doi:10.5683/SP3/UEPGOA","doi:10.5683/SP3/Q8VPR9","2006"
"1996-12","doi:10.5683/SP3/SFWYXS","doi:10.5683/SP3/UR7GSI","2006"
"1997-01","doi:10.5683/SP3/Q3XILX","doi:10.5683/SP3/EC7RSV","2006"
"1997-02","doi:10.5683/SP3/HNVL41","doi:10.5683/SP3/XQARYV","2006"
"1997-03","doi:10.5683/SP3/HVB23D","doi:10.5683/SP3/YMBOLI","2006"
"1997-04","doi:10.5683/SP3/I5WLW8","doi:10.5683/SP3/EUORQV","2006"
"1997-05","doi:10.5683/SP3/UCZI1W","doi:10.5683/SP3/JH5CSP","2006"
"1997-06","doi:10.5683/SP3/QLUV6R","doi:10.5683/SP3/KGBC8H","2006"
"1997-07","doi:10.5683/SP3/M5VIVL","doi:10.5683/SP3/ZCKWO6","2006"
"1997-08","doi:10.5683/SP3/FDFBA1","doi:10.5683/SP3/8L5ZO4","2006"
"1997-09","doi:10.5683/SP3/NSOHKF","doi:10.5683/SP3/TARTGZ","2006"
"1997-10","doi:10.5683/SP3/0ZXMFC","doi:10.5683/SP3/1HIIOV","2006"
"1997-11","doi:10.5683/SP3/ZH1PRM","doi:10.5683/SP3/GAWIIK","2006"
"1997-12","doi:10.5683/SP3/AZP4NI","doi:10.5683/SP3/MAHKKA","2006"
"1998-01","doi:10.5683/SP3/2WMXGK","doi:10.5683/SP3/QHBO7Y","2006"
"1998-02","doi:10.5683/SP3/WKJX9F","doi:10.5683/SP3/ECQXWT","2006"
"1998-03","doi:10.5683/SP3/3LC9GB","doi:10.5683/SP3/HLVRSL","2006"
"1998-04","doi:10.5683/SP3/IALRXI","doi:10.5683/SP3/SMHBUC","2006"
"1998-05","doi:10.5683/SP3/BK6ZHK","doi:10.5683/SP3/QYMZVS","2006"
"1998-06","doi:10.5683/SP3/BU7VVM","doi:10.5683/SP3/AR4BT3","2006"
"1998-07","doi:10.5683/SP3/BTLEMT","doi:10.5683/SP3/WX5KBG","2006"
"1998-08","doi:10.5683/SP3/T0H77M","doi:10.5683/SP3/5NTHJN","2006"
"1998-09","doi:10.5683/SP3/GNS41H","doi:10.5683/SP3/EOWH2T","2006"
"1998-10","doi:10.5683/SP3/QWD4G5","doi:10.5683/SP3/VZB7OM","2006"
"1998-11","doi:10.5683/SP3/VVJOEK","doi:10.5683/SP3/T2WAXH","2006"
"1998-12","doi:10.5683/SP3/MKHS7H","doi:10.5683/SP3/2YRP4B","2006"
"1999-01","doi:10.5683/SP3/AZMKHB","doi:10.5683/SP3/K7ZKCW","2006"
"1999-02","doi:10.5683/SP3/T3EFX5","doi:10.5683/SP3/VNYZFA","2006"
"1999-03","doi:10.5683/SP3/GSOPPO","doi:10.5683/SP3/PTBAZW","2006"
"1999-04","doi:10.5683/SP3/PYWCKH","doi:10.5683/SP3/H4VAGN","2006"
"1999-05","doi:10.5683/SP3/2FUDGK","doi:10.5683/SP3/WIKTWB","2006"
"1999-06","doi:10.5683/SP3/105E8I","doi:10.5683/SP3/NCOD6B","2006"
"1999-07","doi:10.5683/SP3/YGIGCC","doi:10.5683/SP3/EW2KEH","2006"
"1999-08","doi:10.5683/SP3/GYC6IZ","doi:10.5683/SP3/ZDBDBX","2006"
"1999-09","doi:10.5683/SP3/TI2BMH","doi:10.5683/SP3/PK60NM","2006"
"1999-10","doi:10.5683/SP3/C66XVS","doi:10.5683/SP3/KWWENL","2006"
"1999-11","doi:10.5683/SP3/FBVTWA","doi:10.5683/SP3/KK1LID","2006"
"1999-12","doi:10.5683/SP3/X8NCAE","doi:10.5683/SP3/YI9NTK","2006"
"2000-01","doi:10.5683/SP3/2RS9YM","doi:10.5683/SP3/8JQC9F","2006"
"2000-02","doi:10.5683/SP3/NPCDRI","doi:10.5683/SP3/2LIBNV","2006"
"2000-03","doi:10.5683/SP3/FT9HJT","doi:10.5683/SP3/SCI9I2","2006"
"2000-04","doi:10.5683/SP3/0QJNDF","doi:10.5683/SP3/BWTOC2","2006"
"2000-05","doi:10.5683/SP3/3G0ALO","doi:10.5683/SP3/5BW4NX","2006"
"2000-06","doi:10.5683/SP3/UJSYJZ","doi:10.5683/SP3/71H5VE","2006"
"2000-07","doi:10.5683/SP3/0XGCQP","doi:10.5683/SP3/PCPDBZ","2006"
"2000-08","doi:10.5683/SP3/HWMYBW","doi:10.5683/SP3/ADNH9F","2006"
"2000-09","doi:10.5683/SP3/8SYUKG","doi:10.5683/SP3/7LP3HW","2006"
"2000-10","doi:10.5683/SP3/JGKIVL","doi:10.5683/SP3/OTQMGR","2006"
"2000-11","doi:10.5683/SP3/IVZZBY","doi:10.5683/SP3/UHYWXK","2006"
"2000-12","doi:10.5683/SP3/K0JMQ7","doi:10.5683/SP3/95HVTJ","2006"
"2001-01","doi:10.5683/SP3/E24VSQ","doi:10.5683/SP3/00TEWG","2011"
"2001-02","doi:10.5683/SP3/5MPSZS","doi:10.5683/SP3/NOVWK2","2011"
"2001-03","doi:10.5683/SP3/G9SFHI","doi:10.5683/SP3/QHFIMT","2011"
"2001-04","doi:10.5683/SP3/PLNZQV","doi:10.5683/SP3/EKVPPB","2011"
"2001-05","doi:10.5683/SP3/JZMIDJ","doi:10.5683/SP3/RL9BCT","2011"
"2001-06","doi:10.5683/SP3/FS7LI9","doi:10.5683/SP3/WUU8ZP","2011"
"2001-07","doi:10.5683/SP3/LJKYKS","doi:10.5683/SP3/DSCUKB","2011"
"2001-08","doi:10.5683/SP3/4WDBJE","doi:10.5683/SP3/EUFLKL","2011"
"2001-09","doi:10.5683/SP3/JYFR2F","doi:10.5683/SP3/SAV2Z5","2011"
"2001-10","doi:10.5683/SP3/37IXKD","doi:10.5683/SP3/MAWYJ6","2011"
"2001-11","doi:10.5683/SP3/ELY3AZ","doi:10.5683/SP3/JWVRYL","2011"
"2001-12","doi:10.5683/SP3/FDNVJM","doi:10.5683/SP3/MHQ6VO","2011"
"2002-01","doi:10.5683/SP3/WR2RNF","doi:10.5683/SP3/VLOTEX","2011"
"2002-02","doi:10.5683/SP3/ZHMM7V","doi:10.5683/SP3/UJXSMA","2011"
"2002-03","doi:10.5683/SP3/LZRPND","doi:10.5683/SP3/SDPM5R","2011"
"2002-04","doi:10.5683/SP3/IFYPMD","doi:10.5683/SP3/EILLFV","2011"
"2002-05","doi:10.5683/SP3/3RUTLT","doi:10.5683/SP3/PXOGNT","2011"
"2002-06","doi:10.5683/SP3/OGSXW6","doi:10.5683/SP3/9TGMSZ","2011"
"2002-07","doi:10.5683/SP3/I4C4NA","doi:10.5683/SP3/J9P1JO","2011"
"2002-08","doi:10.5683/SP3/J9WE2Y","doi:10.5683/SP3/KUP5KD","2011"
"2002-09","doi:10.5683/SP3/WENDR6","doi:10.5683/SP3/UYFD6A","2011"
"2002-10","doi:10.5683/SP3/UM8LWI","doi:10.5683/SP3/O953LB","2011"
"2002-11","doi:10.5683/SP3/FJGIXU","doi:10.5683/SP3/0MF4AK","2011"
"2002-12","doi:10.5683/SP3/M9MMHQ","doi:10.5683/SP3/ILIK8Y","2011"
"2003-01","doi:10.5683/SP3/PYPNVD","doi:10.5683/SP3/YR1IQR","2011"
"2003-02","doi:10.5683/SP3/GLRMFU","doi:10.5683/SP3/OW2MOD","2011"
"2003-03","doi:10.5683/SP3/4EICM8","doi:10.5683/SP3/J5EBGI","2011"
"2003-04","doi:10.5683/SP3/LHW77W","doi:10.5683/SP3/D4P9UD","2011"
"2003-05","doi:10.5683/SP3/GGA22Z","doi:10.5683/SP3/XFRMIM","2011"
"2003-06","doi:10.5683/SP3/Z3HONR","doi:10.5683/SP3/ODNIAI","2011"
"2003-07","doi:10.5683/SP3/ZWIE6U","doi:10.5683/SP3/NKQRSW","2011"
"2003-08","doi:10.5683/SP3/EZDOQZ","doi:10.5683/SP3/WLIAIC","2011"
"2003-09","doi:10.5683/SP3/J6YJ30","doi:10.5683/SP3/UKLZYT","2011"
"2003-10","doi:10.5683/SP3/EIRO9U","doi:10.5683/SP3/8U5MAV","2011"
"2003-11","doi:10.5683/SP3/0NJQIH","doi:10.5683/SP3/SRXKJY","2011"
"2003-12","doi:10.5683/SP3/HOJNVY","doi:10.5683/SP3/TPWFDM","2011"
"2004-01","doi:10.5683/SP3/S9TJ7K","doi:10.5683/SP3/RATH0Y","2011"
"2004-02","doi:10.5683/SP3/SM017K","doi:10.5683/SP3/2MNDBX","2011"
"2004-03","doi:10.5683/SP3/OARRTN","doi:10.5683/SP3/RFSMV4","2011"
"2004-04","doi:10.5683/SP3/RMRF0J","doi:10.5683/SP3/UUNKJJ","2011"
"2004-05","doi:10.5683/SP3/DHFSQJ","doi:10.5683/SP3/BTZR9E","2011"
"2004-06","doi:10.5683/SP3/CGHC8U","doi:10.5683/SP3/51PZVS","2011"
"2004-07","doi:10.5683/SP3/BYK8QG","doi:10.5683/SP3/OPPXF3","2011"
"2004-08","doi:10.5683/SP3/DPSOUR","doi:10.5683/SP3/2O0AUQ","2011"
"2004-09","doi:10.5683/SP3/ZYDWWW","doi:10.5683/SP3/RGJSES","2011"
"2004-10","doi:10.5683/SP3/EOLAJA","doi:10.5683/SP3/YTKYID","2011"
"2004-11","doi:10.5683/SP3/OIFMQL","doi:10.5683/SP3/LWIZDJ","2011"
"2004-12","doi:10.5683/SP3/WMHOJT","doi:10.5683/SP3/GX4HFM","2011"
"2005-01","doi:10.5683/SP3/FLBVGT","doi:10.5683/SP3/DNAPEL","2011"
"2005-02","doi:10.5683/SP3/NQ8APX","doi:10.5683/SP3/6Y1EH3","2011"
"2005-03","doi:10.5683/SP3/1EA6GW","doi:10.5683/SP3/08SMI8","2011"
"2005-04","doi:10.5683/SP3/IIAOBO","doi:10.5683/SP3/7RXPX5","2011"
"2005-05","doi:10.5683/SP3/BP0MMN","doi:10.5683/SP3/ZU0H1P","2011"
"2005-06","doi:10.5683/SP3/JAE1DN","doi:10.5683/SP3/5ZXIPF","2011"
"2005-07","doi:10.5683/SP3/JXVKMO","doi:10.5683/SP3/UEZZJ9","2011"
"2005-08","doi:10.5683/SP3/TOGCGR","doi:10.5683/SP3/JOPLXY","2011"
"2005-09","doi:10.5683/SP3/IRWIJ2","doi:10.5683/SP3/O5PML7","2011"
"2005-10","doi:10.5683/SP3/GFBDZX","doi:10.5683/SP3/Y6XAUN","2011"
"2005-11","doi:10.5683/SP3/XCCWTD","doi:10.5683/SP3/ZESPOK","2011"
"2005-12","doi:10.5683/SP3/LVB4YE","doi:10.5683/SP3/CWO8QJ","2011"
