"name","label_en","label_fr","type","decimals","missing_low","missing_high"
"REC_NUM","Order of record in file","Ordre de l'observation dans le fichier","numeric",0,,
"SURVYEAR","Survey year","Année d'enquête","character",,,
"SURVMNTH","Survey month","Mois de l'enquête","character",,,
"LFSSTAT","Labour force status","Situation vis-à-vis de l'activité","character",,,
"PROV","Province","Province","character",,,
"CMA","Three largest Census Metropolitan Areas","Trois plus grandes régions métropolitaines de recensement","character",,,
"AGE_12","Age of respondent (five year age groups)","Âge du répondant (groupes de cinq ans)","character",,,
"AGE_6","Age of respondent (two and three year age groups)","Âge du répondant (groupes de deux ou trois ans)","character",,,
"SEX","Sex of respondent","Sexe du répondant","character",,,
"MARSTAT","Marital status of respondent","État matrimonial du répondant","character",,,
"ED76TO89","Highest educational attainment - From 1976 to 1989","Plus haut niveau de scolarité atteint - 1976 à 1989","character",,,
"EDUC90","Highest educational attainment - Begins 1990","Plus haut niveau de scolarité atteint - Commence 1990","character",,,
"MJH","Multiple or single job holder","Cumul d'emplois ou non","character",,,
"EVERWORK","Not currently employed, worked in past","Ne travaillent pas présentement, ont déjà travaillé","character",,,
"FTPTLAST","Full or part-time status of last job","Situation du dernier emploi, temps plein ou partiel","character",,,
"COWMAIN","Class of worker, main job","Catégorie de travailleurs, emploi principal","character",,,
"NAICS_18","Industry of main job - NAICS 2007 (18 categories)","Branche d'activité de l'emploi principal - SCIAN 2007 (18 catégories)","character",,,
"NAICS_43","Industry of main job - NAICS 2007 (43 categories)","Branche d'activité de l'emploi principal - SCIAN 2007 (43 catégories)","character",,,
"SOC80_49","Occupation at main job - SOC80 - From 1984 to 1986","Profession à l'emploi principal - CTP 1980 - 1984 à 1986","character",,,
"SOC80_21","Occupation at main job - SOC80 - Ends in 1998","Profession à l'emploi principal - CTP 1980 - Fin en 1998","character",,,
"NOC01_25","Occupation at main job - NOCS S-2006 - Begins 1987 (25 categories)","Profession à l'emploi principal - CNP-S 2006 - Commence 1987 (25 catégories)","character",,,
"NOC01_47","Occupation at main job - NOCS S-2006 - Begins 1987 (47 categories)","Profession à l'emploi principal - CNP-S 2006 - Commence 1987 (47 catégories)","character",,,
"YABSENT","Employed: reason absent full week","Personnes occupées : raison de l'absence, semaine complète","character",,,
"WKSAWAY","Weeks absent from work","Semaines d'absence du travail","numeric",0,,
"PAYAWAY","Paid for any time off, full week absence only","Congé rémunéré, absence semaine complète seulement","character",,,
"UHRSMAIN","Usual hours per week at main job","Heures habituelles par semaine à l'emploi principal","numeric",0,,
"AHRSMAIN","Actual hours per week at main job","Heures effectivement travaillées par semaine à l'emploi principal","numeric",0,,
"FTPTMAIN","Full-time or part-time main or only job","Temps plein ou temps partiel, emploi principal ou seul","character",,,
"UTOTHRS","Usual hours per week at all jobs","Heures habituelles par semaine à tous les emplois","numeric",0,,
"ATOTHRS","Actual hours per week at all jobs","Heures effectivement travaillées par semaine à tous les emplois","numeric",0,,
"HRSAWAY","Hours away from work, employees, part-week only","Heures d'absence du travail, employés, partie de la semaine seulement","numeric",0,,
"YAWAY","Reason for part-week absence","Raison pour absence une partie de la semaine","character",,,
"PAIDOT","Paid overtime hours in reference week","Heures supplémentaires payées durant semaine de référence","numeric",0,,
"UNPAIDOT","Unpaid overtime hours in reference week","Heures supplémentaires non payées durant semaine de référence","numeric",0,,
"XTRAHRS","Number of overtime or extra hours worked","Nombre d'heures supplémentaires, rémunérées et non rémunérées, travaillées","numeric",0,,
"WHYPTOLD","Reason for part-time - From 1976 to 1996","Raison pour le travail à temps partiel - 1976 à 1996","character",,,
"WHYPTNEW","Reason for part-time - Begins 1997","Raison pour le travail à temps partiel - Commence 1997","character",,,
"TENURE","Job tenure in months, currently employed only","Durée de l'emploi en mois, personnes présentement occupées","numeric",0,,
"PREVTEN","Job tenure of previous job in months, not currently employed","Durée de l'emploi précédent en mois, personnes non occupées","numeric",0,,
"HRLYEARN","Usual hourly wages, employees only","Salaire horaire habituel, employés seulement","numeric",0,,
"UNION","Union membership status, employees only","Situation sur le plan syndical, employés seulement","character",,,
"PERMTEMP","Permanent or temporary job, employees only","Emploi permanent ou temporaire, employés seulement","character",,,
"ESTSIZE","Number of employees at workplace","Nombre d'employés au lieu de travail","character",,,
"FIRMSIZE","Number of employees at all locations","Nombre d'employés à tous les endroits","character",,,
"DURUNEMP","Duration unemployed in weeks","Durée du chômage en semaines","numeric",0,,
"FLOWUNEM","Flows into unemployment","Flux d'entrée en chômage","character",,,
"UNEMFTPT","Unemployed, type of job wanted","Chômeurs, genre de travail désiré","character",,,
"WHYLEFTO","Not employed, reason for leaving job - From 1976 to 96","Personnes non occupées, raison pour avoir quitté - 1976 à 1996","character",,,
"WHYLEFTN","Not employed, reason for leaving job - Begins 1997","Personnes non occupées, raison pour avoir quitté - Commence 1997","character",,,
"DURJLESS","Duration of joblessness in months, worked in past","Durée de la période sans emploi","numeric",0,,
"AVAILABL","Identifies if available for work in reference week","Identifie si disponible pour travailler durant la semaine de référence","character",,,
"LKPUBAG","Unemployed, checked with public employment agency","Chômeurs, se sont adressés à un bureau de placement public","character",,,
"LKEMPLOY","Unemployed, checked with employers directly","Chômeurs, se sont adressés directement à des employeurs","character",,,
"LKRELS","Unemployed, contacted relatives","Chômeurs, se sont adressés à des parents ou amis","character",,,
"LKATADS","Unemployed, looked at ads","Chômeurs, ont consulté les annonces d'offres d'emploi","character",,,
"LKANSADS","Unemployed, placed or answered ads","Chômeurs, ont fait paraître ou répondu à des annonces","character",,,
"LKOTHER","Unemployed, other methods","Chômeurs, ont utilisé d'autres méthodes","character",,,
"PRIORACT","Main activity before started looking for work","Activité principale avant de commencer à chercher du travail","character",,,
"YNOLKOLD","1976 to 1996: looked in last six months, reason not looking last four weeks","1976 à 1996 : cherché six derniers mois, raison pas cherché quatre dernières semaines","character",,,
"YNOLOOK","Wanted job in reference week, reason for not looking","Voulaient un emploi au cours de la semaine de référence, raison pas cherché","character",,,
"TLOLOOK","Temporary layoff, job search in last four weeks","Mise à pied temporaire, recherche emploi au cours des quatre dernières semaines","character",,,
"SCHOOLN","Current student status and type of school","Statut d'étudiant actuel et genre d'école","character",,,
"RELREFN","Relationship to reference person","Lien avec la personne de référence","character",,,
"EFAMTYPE","Type of economic family","Genre de famille économique","character",,,
"EFAMSIZE","Number of individuals in economic family","Nombre d'individus dans la famille économique","numeric",0,,
"EFAMEMPL","Number of employed persons in economic family","Nombre de personnes occupées dans la famille économique","numeric",0,,
"EFAMUNEM","Number of unemployed persons in economic family","Nombre de personnes en chômage dans la famille économique","numeric",0,,
"SP_AGE","Age of spouse","Âge du (de la) conjoint(e)","character",,,
"SP_LFSST","Labour force status of spouse","Situation vis-à-vis de l'activité du (de la) conjoint(e)","character",,,
"SPED7689","Education of spouse - From 1976 to 1989","Scolarité du (de la) conjoint(e) - 1976 à 1989","character",,,
"SPED1990","Education of spouse - Begins 1990","Scolarité du (de la) conjoint(e) - Commence 1990","character",,,
"SP_SOC80","Occupation of spouse - From 1976 to 1986","Profession du (de la) conjoint(e) - 1976 à 1986","character",,,
"SP_NOC01","Occupation of spouse - NOC S-2006 - Begins 1987","Profession conjoint(e) - CNPS de 2006, disponible de 1987","character",,,
"SP_UHRSM","Spouse's usual hours at main job, employed","Heures habituelles du (de la) conjoint(e) à l'emploi principal, personnes occupées","character",,,
"SP_UHRST","Spouse's usual hours at all jobs, employed","Heures habituelles du (de la) conjoint(e) à tous les emplois, personnes occupées","character",,,
"SP_COWM","Spouse's class of worker at main job, employed","Catégorie de travailleurs du (de la) conjoint(e) à l'emploi principal, personnes occupées","character",,,
"AGYOWNKN","Age of youngest own child (children)","Âge du plus jeune enfant (propre enfant)","character",,,
"SCH1624","At least one child age 16 to 24 in school","Au moins un enfant de 16 à 24 ans à l'école","character",,,
"FWEIGHT","Final individual or family weight","Poids final de l'individu ou de la famille","numeric",0,,
