"name","source","source_var","source_val","val"
"PROV","LFS_HIST","PROV","10","10"
"PROV","LFS_HIST","PROV","11","11"
"PROV","LFS_HIST","PROV","12","12"
"PROV","LFS_HIST","PROV","13","13"
"PROV","LFS_HIST","PROV","24","24"
"PROV","LFS_HIST","PROV","35","35"
"PROV","LFS_HIST","PROV","46","46"
"PROV","LFS_HIST","PROV","47","47"
"PROV","LFS_HIST","PROV","48","48"
"PROV","LFS_HIST","PROV","59","59"
"PROV","LFS","PROV","10","10"
"PROV","LFS","PROV","11","11"
"PROV","LFS","PROV","12","12"
"PROV","LFS","PROV","13","13"
"PROV","LFS","PROV","24","24"
"PROV","LFS","PROV","35","35"
"PROV","LFS","PROV","46","46"
"PROV","LFS","PROV","47","47"
"PROV","LFS","PROV","48","48"
"PROV","LFS","PROV","59","59"
"AGE_12","LFS_HIST","AGE_12","1","1"
"AGE_12","LFS_HIST","AGE_12","2","2"
"AGE_12","LFS_HIST","AGE_12","3","3"
"AGE_12","LFS_HIST","AGE_12","4","4"
"AGE_12","LFS_HIST","AGE_12","5","5"
"AGE_12","LFS_HIST","AGE_12","6","6"
"AGE_12","LFS_HIST","AGE_12","7","7"
"AGE_12","LFS_HIST","AGE_12","8","8"
"AGE_12","LFS_HIST","AGE_12","9","9"
"AGE_12","LFS_HIST","AGE_12","10","10"
"AGE_12","LFS_HIST","AGE_12","11","11"
"AGE_12","LFS_HIST","AGE_12","12","12"
"AGE_12","LFS","AGE_12","1","1"
"AGE_12","LFS","AGE_12","2","2"
"AGE_12","LFS","AGE_12","3","3"
"AGE_12","LFS","AGE_12","4","4"
"AGE_12","LFS","AGE_12","5","5"
"AGE_12","LFS","AGE_12","6","6"
"AGE_12","LFS","AGE_12","7","7"
"AGE_12","LFS","AGE_12","8","8"
"AGE_12","LFS","AGE_12","9","9"
"AGE_12","LFS","AGE_12","10","10"
"AGE_12","LFS","AGE_12","11","11"
"AGE_12","LFS","AGE_12","12","12"
"AGE_6","LFS_HIST","AGE_6","1","1"
"AGE_6","LFS_HIST","AGE_6","2","2"
"AGE_6","LFS_HIST","AGE_6","3","3"
"AGE_6","LFS_HIST","AGE_6","4","4"
"AGE_6","LFS_HIST","AGE_6","5","5"
"AGE_6","LFS_HIST","AGE_6","6","6"
"AGE_6","LFS","AGE_6","1","1"
"AGE_6","LFS","AGE_6","2","2"
"AGE_6","LFS","AGE_6","3","3"
"AGE_6","LFS","AGE_6","4","4"
"AGE_6","LFS","AGE_6","5","5"
"AGE_6","LFS","AGE_6","6","6"
"EDUC","LFS_HIST","EDUC90","0","0"
"EDUC","LFS_HIST","EDUC90","1","1"
"EDUC","LFS_HIST","EDUC90","2","2"
"EDUC","LFS_HIST","EDUC90","3","3"
"EDUC","LFS_HIST","EDUC90","4","4"
"EDUC","LFS_HIST","EDUC90","5","5"
"EDUC","LFS_HIST","EDUC90","6","6"
"EDUC","LFS","EDUC","0","0"
"EDUC","LFS","EDUC","1","1"
"EDUC","LFS","EDUC","2","2"
"EDUC","LFS","EDUC","3","3"
"EDUC","LFS","EDUC","4","4"
"EDUC","LFS","EDUC","5","5"
"EDUC","LFS","EDUC","6","6"
"MJH","LFS_HIST","MJH","1","1"
"MJH","LFS_HIST","MJH","2","2"
"MJH","LFS","MJH","1","1"
"MJH","LFS","MJH","2","2"
"EVERWORK","LFS_HIST","EVERWORK","1","1"
"EVERWORK","LFS_HIST","EVERWORK","2","2"
"EVERWORK","LFS_HIST","EVERWORK","3","3"
"EVERWORK","LFS","EVERWORK","1","1"
"EVERWORK","LFS","EVERWORK","2","2"
"EVERWORK","LFS","EVERWORK","3","3"
"FTPTLAST","LFS_HIST","FTPTLAST","1","1"
"FTPTLAST","LFS_HIST","FTPTLAST","2","2"
"FTPTLAST","LFS","FTPTLAST","1","1"
"FTPTLAST","LFS","FTPTLAST","2","2"
"COWMAIN","LFS_HIST","COWMAIN","1","1"
"COWMAIN","LFS_HIST","COWMAIN","2","2"
"COWMAIN","LFS_HIST","COWMAIN","3","3"
"COWMAIN","LFS_HIST","COWMAIN","4","4"
"COWMAIN","LFS_HIST","COWMAIN","5","5"
"COWMAIN","LFS_HIST","COWMAIN","6","6"
"COWMAIN","LFS_HIST","COWMAIN","7","7"
"COWMAIN","LFS","COWMAIN","1","1"
"COWMAIN","LFS","COWMAIN","2","2"
"COWMAIN","LFS","COWMAIN","3","3"
"COWMAIN","LFS","COWMAIN","4","4"
"COWMAIN","LFS","COWMAIN","5","5"
"COWMAIN","LFS","COWMAIN","6","6"
"COWMAIN","LFS","COWMAIN","7","7"
"YABSENT","LFS_HIST","YABSENT","0","0"
"YABSENT","LFS_HIST","YABSENT","1","1"
"YABSENT","LFS_HIST","YABSENT","2","2"
"YABSENT","LFS_HIST","YABSENT","3","3"
"YABSENT","LFS","YABSENT","0","0"
"YABSENT","LFS","YABSENT","1","1"
"YABSENT","LFS","YABSENT","2","2"
"YABSENT","LFS","YABSENT","3","3"
"PAYAWAY","LFS_HIST","PAYAWAY","1","1"
"PAYAWAY","LFS_HIST","PAYAWAY","2","2"
"PAYAWAY","LFS","PAYAWAY","1","1"
"PAYAWAY","LFS","PAYAWAY","2","2"
"FTPTMAIN","LFS_HIST","FTPTMAIN","1","1"
"FTPTMAIN","LFS_HIST","FTPTMAIN","2","2"
"FTPTMAIN","LFS","FTPTMAIN","1","1"
"FTPTMAIN","LFS","FTPTMAIN","2","2"
"YAWAY","LFS_HIST","YAWAY","0","0"
"YAWAY","LFS_HIST","YAWAY","1","1"
"YAWAY","LFS_HIST","YAWAY","2","2"
"YAWAY","LFS_HIST","YAWAY","3","3"
"YAWAY","LFS_HIST","YAWAY","4","4"
"YAWAY","LFS","YAWAY","0","0"
"YAWAY","LFS","YAWAY","1","1"
"YAWAY","LFS","YAWAY","2","2"
"YAWAY","LFS","YAWAY","3","3"
"YAWAY","LFS","YAWAY","4","4"
"WHYPT","LFS_HIST","WHYPTNEW","0","0"
"WHYPT","LFS_HIST","WHYPTNEW","1","1"
"WHYPT","LFS_HIST","WHYPTNEW","2","2"
"WHYPT","LFS_HIST","WHYPTNEW","3","3"
"WHYPT","LFS_HIST","WHYPTNEW","4","4"
"WHYPT","LFS_HIST","WHYPTNEW","5","5"
"WHYPT","LFS_HIST","WHYPTNEW","6","6"
"WHYPT","LFS_HIST","WHYPTNEW","7","7"
"WHYPT","LFS","WHYPT","0","0"
"WHYPT","LFS","WHYPT","1","1"
"WHYPT","LFS","WHYPT","2","2"
"WHYPT","LFS","WHYPT","3","3"
"WHYPT","LFS","WHYPT","4","4"
"WHYPT","LFS","WHYPT","5","5"
"WHYPT","LFS","WHYPT","6","6"
"WHYPT","LFS","WHYPT","7","7"
"UNION","LFS_HIST","UNION","1","1"
"UNION","LFS_HIST","UNION","2","2"
"UNION","LFS_HIST","UNION","3","3"
"UNION","LFS","UNION","1","1"
"UNION","LFS","UNION","2","2"
"UNION","LFS","UNION","3","3"
"PERMTEMP","LFS_HIST","PERMTEMP","1","1"
"PERMTEMP","LFS_HIST","PERMTEMP","2","2"
"PERMTEMP","LFS_HIST","PERMTEMP","3","3"
"PERMTEMP","LFS_HIST","PERMTEMP","4","4"
"PERMTEMP","LFS","PERMTEMP","1","1"
"PERMTEMP","LFS","PERMTEMP","2","2"
"PERMTEMP","LFS","PERMTEMP","3","3"
"PERMTEMP","LFS","PERMTEMP","4","4"
"ESTSIZE","LFS_HIST","ESTSIZE","1","1"
"ESTSIZE","LFS_HIST","ESTSIZE","2","2"
"ESTSIZE","LFS_HIST","ESTSIZE","3","3"
"ESTSIZE","LFS_HIST","ESTSIZE","4","4"
"ESTSIZE","LFS","ESTSIZE","1","1"
"ESTSIZE","LFS","ESTSIZE","2","2"
"ESTSIZE","LFS","ESTSIZE","3","3"
"ESTSIZE","LFS","ESTSIZE","4","4"
"FIRMSIZE","LFS_HIST","FIRMSIZE","1","1"
"FIRMSIZE","LFS_HIST","FIRMSIZE","2","2"
"FIRMSIZE","LFS_HIST","FIRMSIZE","3","3"
"FIRMSIZE","LFS_HIST","FIRMSIZE","4","4"
"FIRMSIZE","LFS","FIRMSIZE","1","1"
"FIRMSIZE","LFS","FIRMSIZE","2","2"
"FIRMSIZE","LFS","FIRMSIZE","3","3"
"FIRMSIZE","LFS","FIRMSIZE","4","4"
"FLOWUNEM","LFS_HIST","FLOWUNEM","1","1"
"FLOWUNEM","LFS_HIST","FLOWUNEM","2","2"
"FLOWUNEM","LFS_HIST","FLOWUNEM","3","3"
"FLOWUNEM","LFS_HIST","FLOWUNEM","4","4"
"FLOWUNEM","LFS_HIST","FLOWUNEM","5","5"
"FLOWUNEM","LFS_HIST","FLOWUNEM","6","6"
"FLOWUNEM","LFS_HIST","FLOWUNEM","7","7"
"FLOWUNEM","LFS_HIST","FLOWUNEM","8","8"
"FLOWUNEM","LFS","FLOWUNEM","1","1"
"FLOWUNEM","LFS","FLOWUNEM","2","2"
"FLOWUNEM","LFS","FLOWUNEM","3","3"
"FLOWUNEM","LFS","FLOWUNEM","4","4"
"FLOWUNEM","LFS","FLOWUNEM","5","5"
"FLOWUNEM","LFS","FLOWUNEM","6","6"
"FLOWUNEM","LFS","FLOWUNEM","7","7"
"FLOWUNEM","LFS","FLOWUNEM","8","8"
"UNEMFTPT","LFS_HIST","UNEMFTPT","1","1"
"UNEMFTPT","LFS_HIST","UNEMFTPT","2","2"
"UNEMFTPT","LFS_HIST","UNEMFTPT","3","3"
"UNEMFTPT","LFS","UNEMFTPT","1","1"
"UNEMFTPT","LFS","UNEMFTPT","2","2"
"UNEMFTPT","LFS","UNEMFTPT","3","3"
"WHYLEFTO","LFS_HIST","WHYLEFTO","0","0"
"WHYLEFTO","LFS_HIST","WHYLEFTO","1","1"
"WHYLEFTO","LFS_HIST","WHYLEFTO","2","2"
"WHYLEFTO","LFS_HIST","WHYLEFTO","3","3"
"WHYLEFTO","LFS_HIST","WHYLEFTO","4","4"
"WHYLEFTO","LFS_HIST","WHYLEFTO","5","5"
"WHYLEFTO","LFS","WHYLEFTO","0","0"
"WHYLEFTO","LFS","WHYLEFTO","1","1"
"WHYLEFTO","LFS","WHYLEFTO","2","2"
"WHYLEFTO","LFS","WHYLEFTO","3","3"
"WHYLEFTO","LFS","WHYLEFTO","4","4"
"WHYLEFTO","LFS","WHYLEFTO","5","5"
"WHYLEFTN","LFS_HIST","WHYLEFTN","0","0"
"WHYLEFTN","LFS_HIST","WHYLEFTN","1","1"
"WHYLEFTN","LFS_HIST","WHYLEFTN","2","2"
"WHYLEFTN","LFS_HIST","WHYLEFTN","3","3"
"WHYLEFTN","LFS_HIST","WHYLEFTN","4","4"
"WHYLEFTN","LFS_HIST","WHYLEFTN","5","5"
"WHYLEFTN","LFS_HIST","WHYLEFTN","6","6"
"WHYLEFTN","LFS_HIST","WHYLEFTN","7","7"
"WHYLEFTN","LFS_HIST","WHYLEFTN","8","8"
"WHYLEFTN","LFS_HIST","WHYLEFTN","9","9"
"WHYLEFTN","LFS_HIST","WHYLEFTN","10","10"
"WHYLEFTN","LFS_HIST","WHYLEFTN","11","11"
"WHYLEFTN","LFS_HIST","WHYLEFTN","12","12"
"WHYLEFTN","LFS_HIST","WHYLEFTN","13","13"
"WHYLEFTN","LFS","WHYLEFTN","0","0"
"WHYLEFTN","LFS","WHYLEFTN","1","1"
"WHYLEFTN","LFS","WHYLEFTN","2","2"
"WHYLEFTN","LFS","WHYLEFTN","3","3"
"WHYLEFTN","LFS","WHYLEFTN","4","4"
"WHYLEFTN","LFS","WHYLEFTN","5","5"
"WHYLEFTN","LFS","WHYLEFTN","6","6"
"WHYLEFTN","LFS","WHYLEFTN","7","7"
"WHYLEFTN","LFS","WHYLEFTN","8","8"
"WHYLEFTN","LFS","WHYLEFTN","9","9"
"WHYLEFTN","LFS","WHYLEFTN","10","10"
"WHYLEFTN","LFS","WHYLEFTN","11","11"
"WHYLEFTN","LFS","WHYLEFTN","12","12"
"WHYLEFTN","LFS","WHYLEFTN","13","13"
"AVAILABL","LFS_HIST","AVAILABL","1","1"
"AVAILABL","LFS_HIST","AVAILABL","2","2"
"AVAILABL","LFS","AVAILABL","1","1"
"AVAILABL","LFS","AVAILABL","2","2"
"LKPUBAG","LFS_HIST","LKPUBAG","1","1"
"LKPUBAG","LFS","LKPUBAG","1","1"
"LKEMPLOY","LFS_HIST","LKEMPLOY","1","1"
"LKEMPLOY","LFS","LKEMPLOY","1","1"
"LKRELS","LFS_HIST","LKRELS","1","1"
"LKRELS","LFS","LKRELS","1","1"
"LKATADS","LFS_HIST","LKATADS","1","1"
"LKATADS","LFS","LKATADS","1","1"
"LKANSADS","LFS_HIST","LKANSADS","1","1"
"LKANSADS","LFS","LKANSADS","1","1"
"LKOTHERN","LFS_HIST","LKOTHER","1","1"
"LKOTHERN","LFS","LKOTHERN","1","1"
"PRIORACT","LFS_HIST","PRIORACT","0","0"
"PRIORACT","LFS_HIST","PRIORACT","1","1"
"PRIORACT","LFS_HIST","PRIORACT","2","2"
"PRIORACT","LFS_HIST","PRIORACT","3","3"
"PRIORACT","LFS","PRIORACT","0","0"
"PRIORACT","LFS","PRIORACT","1","1"
"PRIORACT","LFS","PRIORACT","2","2"
"PRIORACT","LFS","PRIORACT","3","3"
"YNOLOOK","LFS_HIST","YNOLOOK","0","0"
"YNOLOOK","LFS_HIST","YNOLOOK","1","1"
"YNOLOOK","LFS_HIST","YNOLOOK","2","2"
"YNOLOOK","LFS_HIST","YNOLOOK","3","3"
"YNOLOOK","LFS_HIST","YNOLOOK","4","4"
"YNOLOOK","LFS_HIST","YNOLOOK","5","5"
"YNOLOOK","LFS_HIST","YNOLOOK","6","6"
"YNOLOOK","LFS","YNOLOOK","0","0"
"YNOLOOK","LFS","YNOLOOK","1","1"
"YNOLOOK","LFS","YNOLOOK","2","2"
"YNOLOOK","LFS","YNOLOOK","3","3"
"YNOLOOK","LFS","YNOLOOK","4","4"
"YNOLOOK","LFS","YNOLOOK","5","5"
"YNOLOOK","LFS","YNOLOOK","6","6"
"TLOLOOK","LFS_HIST","TLOLOOK","1","1"
"TLOLOOK","LFS_HIST","TLOLOOK","2","2"
"TLOLOOK","LFS","TLOLOOK","1","1"
"TLOLOOK","LFS","TLOLOOK","2","2"
"EFAMTYPE","LFS_HIST","EFAMTYPE","1","1"
"EFAMTYPE","LFS_HIST","EFAMTYPE","2","2"
"EFAMTYPE","LFS_HIST","EFAMTYPE","3","3"
"EFAMTYPE","LFS_HIST","EFAMTYPE","4","4"
"EFAMTYPE","LFS_HIST","EFAMTYPE","5","5"
"EFAMTYPE","LFS_HIST","EFAMTYPE","6","6"
"EFAMTYPE","LFS_HIST","EFAMTYPE","7","7"
"EFAMTYPE","LFS_HIST","EFAMTYPE","8","8"
"EFAMTYPE","LFS_HIST","EFAMTYPE","9","9"
"EFAMTYPE","LFS_HIST","EFAMTYPE","10","10"
"EFAMTYPE","LFS_HIST","EFAMTYPE","11","11"
"EFAMTYPE","LFS_HIST","EFAMTYPE","12","12"
"EFAMTYPE","LFS_HIST","EFAMTYPE","13","13"
"EFAMTYPE","LFS_HIST","EFAMTYPE","14","14"
"EFAMTYPE","LFS_HIST","EFAMTYPE","15","15"
"EFAMTYPE","LFS_HIST","EFAMTYPE","16","16"
"EFAMTYPE","LFS_HIST","EFAMTYPE","17","17"
"EFAMTYPE","LFS_HIST","EFAMTYPE","18","18"
"EFAMTYPE","LFS","EFAMTYPE","1","1"
"EFAMTYPE","LFS","EFAMTYPE","2","2"
"EFAMTYPE","LFS","EFAMTYPE","3","3"
"EFAMTYPE","LFS","EFAMTYPE","4","4"
"EFAMTYPE","LFS","EFAMTYPE","5","5"
"EFAMTYPE","LFS","EFAMTYPE","6","6"
"EFAMTYPE","LFS","EFAMTYPE","7","7"
"EFAMTYPE","LFS","EFAMTYPE","8","8"
"EFAMTYPE","LFS","EFAMTYPE","9","9"
"EFAMTYPE","LFS","EFAMTYPE","10","10"
"EFAMTYPE","LFS","EFAMTYPE","11","11"
"EFAMTYPE","LFS","EFAMTYPE","12","12"
"EFAMTYPE","LFS","EFAMTYPE","13","13"
"EFAMTYPE","LFS","EFAMTYPE","14","14"
"EFAMTYPE","LFS","EFAMTYPE","15","15"
"EFAMTYPE","LFS","EFAMTYPE","16","16"
"EFAMTYPE","LFS","EFAMTYPE","17","17"
"EFAMTYPE","LFS","EFAMTYPE","18","18"
"LFSSTAT","LFS_HIST","LFSSTAT","1","1"
"LFSSTAT","LFS_HIST","LFSSTAT","2","2"
"LFSSTAT","LFS_HIST","LFSSTAT","3","3"
"LFSSTAT","LFS_HIST","LFSSTAT","4","3"
"LFSSTAT","LFS_HIST","LFSSTAT","5","3"
"LFSSTAT","LFS_HIST","LFSSTAT","6","4"
"LFSSTAT","LFS","LFSSTAT","1","1"
"LFSSTAT","LFS","LFSSTAT","2","2"
"LFSSTAT","LFS","LFSSTAT","3","3"
"LFSSTAT","LFS","LFSSTAT","4","4"
"GENDER_SEX","LFS_HIST","SEX","1","1"
"GENDER_SEX","LFS_HIST","SEX","2","2"
"GENDER_SEX","LFS","GENDER","1","1"
"GENDER_SEX","LFS","GENDER","2","2"
"GENDER_SEX","LFS","SEX","1","1"
"GENDER_SEX","LFS","SEX","2","2"
"MARSTAT","LFS_HIST","MARSTAT","1","1"
"MARSTAT","LFS_HIST","MARSTAT","2","1"
"MARSTAT","LFS_HIST","MARSTAT","3","3"
"MARSTAT","LFS_HIST","MARSTAT","4","4"
"MARSTAT","LFS_HIST","MARSTAT","5","4"
"MARSTAT","LFS_HIST","MARSTAT","6","2"
"MARSTAT","LFS_HIST_ERA","MARSTAT","1","1"
"MARSTAT","LFS_HIST_ERA","MARSTAT","2","2"
"MARSTAT","LFS_HIST_ERA","MARSTAT","3","3"
"MARSTAT","LFS_HIST_ERA","MARSTAT","4","4"
"MARSTAT","LFS","MARSTAT","1","1"
"MARSTAT","LFS","MARSTAT","2","1"
"MARSTAT","LFS","MARSTAT","3","3"
"MARSTAT","LFS","MARSTAT","4","4"
"MARSTAT","LFS","MARSTAT","5","4"
"MARSTAT","LFS","MARSTAT","6","2"
"CMA","LFS_HIST","CMA","1","1"
"CMA","LFS_HIST","CMA","2","2"
"CMA","LFS_HIST","CMA","3","3"
"CMA","LFS_HIST","CMA","4","4"
"CMA","LFS","CMA","0","4"
"CMA","LFS","CMA","1","4"
"CMA","LFS","CMA","2","1"
"CMA","LFS","CMA","3","4"
"CMA","LFS","CMA","4","2"
"CMA","LFS","CMA","5","4"
"CMA","LFS","CMA","6","4"
"CMA","LFS","CMA","7","4"
"CMA","LFS","CMA","8","4"
"CMA","LFS","CMA","9","3"
"SCHOOLN","LFS_HIST","SCHOOLN","1","1"
"SCHOOLN","LFS_HIST","SCHOOLN","2","2"
"SCHOOLN","LFS_HIST","SCHOOLN","3","3"
"SCHOOLN","LFS_HIST","SCHOOLN","4","2"
"SCHOOLN","LFS_HIST","SCHOOLN","5","3"
"SCHOOLN","LFS_HIST","SCHOOLN","6","2"
"SCHOOLN","LFS_HIST","SCHOOLN","7","3"
"SCHOOLN","LFS_HIST","SCHOOLN","8","2"
"SCHOOLN","LFS_HIST","SCHOOLN","9","3"
"SCHOOLN","LFS","SCHOOLN","1","1"
"SCHOOLN","LFS","SCHOOLN","2","2"
"SCHOOLN","LFS","SCHOOLN","3","3"
"AGYOWNK","LFS_HIST","AGYOWNKN","1","1"
"AGYOWNK","LFS_HIST","AGYOWNKN","2","1"
"AGYOWNK","LFS_HIST","AGYOWNKN","3","2"
"AGYOWNK","LFS_HIST","AGYOWNKN","4","3"
"AGYOWNK","LFS_HIST","AGYOWNKN","5","3"
"AGYOWNK","LFS_HIST","AGYOWNKN","6","4"
"AGYOWNK","LFS","AGYOWNK","1","1"
"AGYOWNK","LFS","AGYOWNK","2","2"
"AGYOWNK","LFS","AGYOWNK","3","3"
"AGYOWNK","LFS","AGYOWNK","4","4"
"NAICS_18","LFS_HIST","NAICS_18","1","1"
"NAICS_18","LFS_HIST","NAICS_18","2","2"
"NAICS_18","LFS_HIST","NAICS_18","3","3"
"NAICS_18","LFS_HIST","NAICS_18","4","4"
"NAICS_18","LFS_HIST","NAICS_18","5","5"
"NAICS_18","LFS_HIST","NAICS_18","6","6"
"NAICS_18","LFS_HIST","NAICS_18","7","7"
"NAICS_18","LFS_HIST","NAICS_18","8","8"
"NAICS_18","LFS_HIST","NAICS_18","9","9"
"NAICS_18","LFS_HIST","NAICS_18","10","10"
"NAICS_18","LFS_HIST","NAICS_18","11","11"
"NAICS_18","LFS_HIST","NAICS_18","12","12"
"NAICS_18","LFS_HIST","NAICS_18","13","13"
"NAICS_18","LFS_HIST","NAICS_18","14","14"
"NAICS_18","LFS_HIST","NAICS_18","15","15"
"NAICS_18","LFS_HIST","NAICS_18","16","16"
"NAICS_18","LFS_HIST","NAICS_18","17","17"
"NAICS_18","LFS_HIST","NAICS_18","18","18"
"NAICS_18","LFS","NAICS_21","1","1"
"NAICS_18","LFS","NAICS_21","2","2"
"NAICS_18","LFS","NAICS_21","3","2"
"NAICS_18","LFS","NAICS_21","4","2"
"NAICS_18","LFS","NAICS_21","5","3"
"NAICS_18","LFS","NAICS_21","6","4"
"NAICS_18","LFS","NAICS_21","7","5"
"NAICS_18","LFS","NAICS_21","8","6"
"NAICS_18","LFS","NAICS_21","9","7"
"NAICS_18","LFS","NAICS_21","10","8"
"NAICS_18","LFS","NAICS_21","11","9"
"NAICS_18","LFS","NAICS_21","12","10"
"NAICS_18","LFS","NAICS_21","13","10"
"NAICS_18","LFS","NAICS_21","14","11"
"NAICS_18","LFS","NAICS_21","15","12"
"NAICS_18","LFS","NAICS_21","16","13"
"NAICS_18","LFS","NAICS_21","17","14"
"NAICS_18","LFS","NAICS_21","18","15"
"NAICS_18","LFS","NAICS_21","19","16"
"NAICS_18","LFS","NAICS_21","20","17"
"NAICS_18","LFS","NAICS_21","21","18"
