"name","label_en","label_fr","type","lfs_hist","lfs","lfs_scale","hist_from"
"SOURCE","Source series","Série source","character",,,,
"SURVYEAR","Survey year","Année d'enquête","integer","SURVYEAR","SURVYEAR",,
"SURVMNTH","Survey month","Mois de l'enquête","integer","SURVMNTH","SURVMNTH",,
"PROV","Province","Province","factor","PROV","PROV",,
"AGE_12","Five-year age group of respondent","L'âge du répondant (groupes de 5 ans)","factor","AGE_12","AGE_12",,
"AGE_6","Age in 2 and 3 year groups, 15 to 29","L'âge des personnes de 15 à 29 ans (groupes de 2 et 3 ans)","factor","AGE_6","AGE_6",,
"EDUC","Highest educational attainment","Plus haut niveau de scolarité atteint","factor","EDUC90","EDUC",,
"MJH","Single or multiple jobholder","Personnes ayant un emploi ou plus d'un emploi","factor","MJH","MJH",,
"EVERWORK","Identifies if a person has worked in the last year","Indique si une personne a travaillé au cours de la dernière année","factor","EVERWORK","EVERWORK",,
"FTPTLAST","Full- or part-time status of last job","Situation du dernier emploi, temps plein ou temps partiel","factor","FTPTLAST","FTPTLAST",,
"COWMAIN","Class of worker, main job","Catégorie de travailleur, emploi principal","factor","COWMAIN","COWMAIN",,
"YABSENT","Reason of absence, full week","Raison d'absence, toute la semaine","factor","YABSENT","YABSENT",,
"PAYAWAY","Paid for time off, full-week absence only","Congé rémunéré, absence de toute la semaine seulement","factor","PAYAWAY","PAYAWAY",,
"FTPTMAIN","Full- or part-time status at main or only job","Temps plein ou temps partiel, emp. princ. ou seul emploi","factor","FTPTMAIN","FTPTMAIN",,
"YAWAY","Reason for part-week absence","Raison pour l'absence durant une partie de la semaine","factor","YAWAY","YAWAY",,
"WHYPT","Reason for part-time work","Raison pour le travail à temps partiel","factor","WHYPTNEW","WHYPT",,
"UNION","Union status","Situation syndicale","factor","UNION","UNION",,
"PERMTEMP","Job permanency","La permanence de l'emploi","factor","PERMTEMP","PERMTEMP",,
"ESTSIZE","Establishment size","Taille de l’établissement","factor","ESTSIZE","ESTSIZE",,
"FIRMSIZE","Firm size","Taille de l’entreprise","factor","FIRMSIZE","FIRMSIZE",,
"FLOWUNEM","Flows into unemployment","Flux d'entrée en chômage","factor","FLOWUNEM","FLOWUNEM",,
"UNEMFTPT","Job seekers by type of work sought and temporary layoffs by work status of last job","Personnes à la recherche d’un emploi : type d’emploi cherché; mises à pied temporaire : la situation applicable relativement à l’emploi précédent","factor","UNEMFTPT","UNEMFTPT",,
"WHYLEFTO","Reason for leaving job during previous year","Raisons pour avoir quitté l'emploi durant l'année précédente","factor","WHYLEFTO","WHYLEFTO",,
"WHYLEFTN","Reason for leaving job during previous year","Raisons pour avoir quitté l'emploi durant l'année précédente","factor","WHYLEFTN","WHYLEFTN",,
"AVAILABL","Availability during the reference week","Disponibilité durant la semaine de référence","factor","AVAILABL","AVAILABL",,
"LKPUBAG","Unemployed, used public employment agency","Chômeurs, recherche par l'entremise d'une agence de placement publique","factor","LKPUBAG","LKPUBAG",,
"LKEMPLOY","Unemployed, checked with employers directly","Chômeurs, recherche directement auprès des employeurs","factor","LKEMPLOY","LKEMPLOY",,
"LKRELS","Unemployed, checked with friends or relatives","Chômeurs, recherche auprès d'amis ou de parents","factor","LKRELS","LKRELS",,
"LKATADS","Unemployed, looked at job ads","Chômeurs, consultation des annonces d'offres d'emploi","factor","LKATADS","LKATADS",,
"LKANSADS","Unemployed, placed or answered ads","Chômeurs, placement d'une annonce ou réponse à une offre d'emploi","factor","LKANSADS","LKANSADS",,
"LKOTHERN","Unemployed, other methods","Chômeurs, autres méthodes","factor","LKOTHER","LKOTHERN",,
"PRIORACT","Main activity before started looking for work","Activité principale avant de commencer à chercher du travail","factor","PRIORACT","PRIORACT",,
"YNOLOOK","Reason for not looking for work during the reference week","Raisons pour ne pas chercher d'emploi durant la semaine de référence","factor","YNOLOOK","YNOLOOK",,
"TLOLOOK","Temporary layoff, looked for work during the last four weeks","Mise à pied temporaire, personnes qui avaient cherché du travail durant les quatre dernières semaines","factor","TLOLOOK","TLOLOOK",,
"EFAMTYPE","Type of economic family","Genre de famille économique","factor","EFAMTYPE","EFAMTYPE",,
"LFSSTAT","Labour force status","Situation d'activité","factor","LFSSTAT","LFSSTAT",,
"GENDER_SEX","Gender/sex of respondent","Genre/sexe du répondant","factor","SEX","GENDER|SEX",,
"MARSTAT","Marital status of respondent (4 categories)","État matrimonial du répondant (4 catégories)","factor","MARSTAT","MARSTAT",,
"CMA","Three largest Census Metropolitan Areas","Trois plus grandes régions métropolitaines de recensement","factor","CMA","CMA",,"1987-01"
"SCHOOLN","Current student status","Statut d'étudiant actuel","factor","SCHOOLN","SCHOOLN",,
"AGYOWNK","Age of youngest child","L’âge du plus jeune enfant","factor","AGYOWNKN","AGYOWNK",,
"NAICS_18","Industry of main job - NAICS 2007 (18 categories)","Branche d'activité de l'emploi principal - SCIAN 2007 (18 catégories)","factor","NAICS_18","NAICS_21",,
"WKSAWAY","Number of weeks absent from work","Nombre de semaines d'absence du travail","numeric","WKSAWAY","WKSAWAY",1,
"UHRSMAIN","Usual hours worked per week at main job","Heures habituellement travaillées par semaine à l'emploi principal","numeric","UHRSMAIN","UHRSMAIN",0.1,
"AHRSMAIN","Actual hours worked per week at main job","Heures effectivement travaillées par semaine à l'emploi principal","numeric","AHRSMAIN","AHRSMAIN",0.1,
"UTOTHRS","Usual hours worked per week at all jobs","Heures habituellement travaillées par semaine à tous les emplois","numeric","UTOTHRS","UTOTHRS",0.1,
"ATOTHRS","Actual hours worked per week at all jobs","Heures effectivement travaillées par semaine à tous les emplois","numeric","ATOTHRS","ATOTHRS",0.1,
"HRSAWAY","Hours away from work, part-week absence only","Heures d'absence du travail, absence d'une partie de la semaine seulement","numeric","HRSAWAY","HRSAWAY",0.1,
"PAIDOT","Paid overtime hours in reference week","Heures supplémentaires rémunérées durant la semaine de référence","numeric","PAIDOT","PAIDOT",0.1,
"UNPAIDOT","Unpaid overtime hours in reference week","Heures supplémentaires non rémunérées durant la semaine de référence","numeric","UNPAIDOT","UNPAIDOT",0.1,
"XTRAHRS","Number of overtime or extra hours worked","Nombre d'heures supplémentaires travaillées","numeric","XTRAHRS","XTRAHRS",0.1,
"TENURE","Job tenure with current employer","Durée de l'emploi avec l'employeur actuel","numeric","TENURE","TENURE",1,
"PREVTEN","Job tenure with previous employer","Durée de l'emploi avec l'employeur précédent","numeric","PREVTEN","PREVTEN",1,
"HRLYEARN","Usual hourly wages","Salaire horaire habituel","numeric","HRLYEARN","HRLYEARN",0.01,
"DURUNEMP","Duration of unemployment","Durée du chômage","numeric","DURUNEMP","DURUNEMP",1,
"DURJLESS","Duration of joblessness","Durée de la période sans emploi","numeric","DURJLESS","DURJLESS",1,
"FINALWT","Standard final weight","Le poids final standard","numeric","FWEIGHT","FINALWT",1,
